Linha,Código do PED,Endereço,Latitude,Longitude
110 - Destino Clóvis Alvim,143,R. Chácara Fernando Jardim - HCC,"-19,61971","-43,22164"
110 - Destino Clóvis Alvim,16,"Av. Cauê, 598","-19,6121","-43,22194"
110 - Destino Clóvis Alvim,80,"Av. João Soares Da Silva, 1322","-19,611837","-43,22309"
110 - Destino Clóvis Alvim,79,"Av. João Soares Da Silva, 1034","-19,611944","-43,228151"
110 - Destino Clóvis Alvim,82,"Av. João Soares Da Silva, 354","-19,61537","-43,22727"
110 - Destino Clóvis Alvim,9,"Av. Carlos Drumond De Andrade, S/N","-19,61794","-43,22584"
110 - Destino Clóvis Alvim,5,"Av. Carlos Drumond De Andrade, 350","-19,61986","-43,22456"
110 - Destino Clóvis Alvim,4,Av. Carlos Drumond De Andrade - Terminal,"-19,62074","-43,22401"
110 - Destino Clóvis Alvim,685,"R. José Isidoro, 204","-19,62847","-43,22214"
110 - Destino Clóvis Alvim,681,Tv. Suzinha De Sá Martins,"-19,62932","-43,22411"
110 - Destino Clóvis Alvim,679,"R. Armindo Costa Lage, 244","-19,63018","-43,22525"
110 - Destino Clóvis Alvim,678,"R. Armindo Costa Lage, 98","-19,63094","-43,22625"
110 - Destino Clóvis Alvim,275,"R. Pref. Virgilino Quintão, 352","-19,6334","-43,22633"
110 - Destino Clóvis Alvim,221,"R. José Gregório Da Cruz, 108","-19,63525","-43,22499"
110 - Destino Clóvis Alvim,648,"R. Rita Neves, 50","-19,63621","-43,22459"
110 - Destino Clóvis Alvim,645,R. Rita Neves - Praça Novo Amazonas,"-19,63791","-43,2258"
110 - Destino Clóvis Alvim,644,"R. Dr. Juvenil Duarte Braga, 432","-19,63989","-43,22657"
110 - Destino Clóvis Alvim,641,"R. Prof. Maria Antônieta Betônico, 291","-19,63999","-43,22684"
110 - Destino Clóvis Alvim,639,"R. Prof. Maria Antônieta Betônico, 45","-19,63801","-43,22778"
110 - Destino Clóvis Alvim,638,"R. Santa Catarina, 458","-19,63813","-43,22945"
110 - Destino Clóvis Alvim,636,"R. Mato Grosso, 1075","-19,63918","-43,2292"
110 - Destino Clóvis Alvim,633,"R. Mato Grosso, 859","-19,64112","-43,22846"
110 - Destino Clóvis Alvim,631,"Av. Brasil, 883","-19,64219","-43,22799"
110 - Destino Clóvis Alvim,630,"Av. Brasil, 1063","-19,64264","-43,22888"
110 - Destino Clóvis Alvim,882,R. Virgílio José Gazire,"-19,6437698","-43,2279852"
110 - Destino Clóvis Alvim,573,"R. José Evangelista Lage, 56","-19,64422","-43,22752"
110 - Clovis Alvim Destino Hospital Carlos Chagas,573,"R. José Evangelista Lage, 56","-19,64422","-43,22752"
110 - Clovis Alvim Destino Hospital Carlos Chagas,572,"R. Francisco José Da Silva, 17","-19,64316","-43,22869"
110 - Clovis Alvim Destino Hospital Carlos Chagas,629,"Av. Brasil, 1080","-19,64285","-43,22879"
110 - Clovis Alvim Destino Hospital Carlos Chagas,632,"Av. Brasil, 1062","-19,64231","-43,22783"
110 - Clovis Alvim Destino Hospital Carlos Chagas,634,"R. Mato Grosso, 860","-19,64113","-43,22831"
110 - Clovis Alvim Destino Hospital Carlos Chagas,635,"R. Mato Grosso, 1070","-19,6391","-43,22909"
110 - Clovis Alvim Destino Hospital Carlos Chagas,637,"R. Santa Catarina, 559","-19,63825","-43,22938"
110 - Clovis Alvim Destino Hospital Carlos Chagas,640,"R. Prof. Maria Antônieta Betônico, 60","-19,63822","-43,22777"
110 - Clovis Alvim Destino Hospital Carlos Chagas,642,"R. Prof. Maria Antônieta Betônico, 304","-19,63995","-43,22702"
110 - Clovis Alvim Destino Hospital Carlos Chagas,643,"R. Dr. Juvenil Duarte Braga, 441","-19,63993","-43,22645"
110 - Clovis Alvim Destino Hospital Carlos Chagas,646,"R. Rita Neves, 324","-19,638","-43,22569"
110 - Clovis Alvim Destino Hospital Carlos Chagas,647,"R. Rita Neves, 55","-19,63629","-43,22452"
110 - Clovis Alvim Destino Hospital Carlos Chagas,649,"R. José Gregório Da Cruz, 246","-19,63618","-43,2242"
110 - Clovis Alvim Destino Hospital Carlos Chagas,222,"R. José Gregório Da Cruz, 420","-19,63781","-43,22308"
110 - Clovis Alvim Destino Hospital Carlos Chagas,273,"R. Pref. Virgilino Quintão, 1160","-19,63745","-43,22286"
110 - Clovis Alvim Destino Hospital Carlos Chagas,279,"R. Pref. Virgilino Quintão, 792","-19,63553","-43,22318"
110 - Clovis Alvim Destino Hospital Carlos Chagas,277,"R. Pref. Virgilino Quintão, 577","-19,63479","-43,2249"
110 - Clovis Alvim Destino Hospital Carlos Chagas,70,"Av. Ipiranga, 55","-19,63302","-43,22556"
110 - Clovis Alvim Destino Hospital Carlos Chagas,683,"R. Presidente Costa e Silva, 80","-19,63092","-43,22513"
110 - Clovis Alvim Destino Hospital Carlos Chagas,680,"R. Armindo Costa Lage, 282 ","-19,62947","-43,22387"
110 - Clovis Alvim Destino Hospital Carlos Chagas,684,"R. José Isidoro, 263","-19,62919","-43,22293"
110 - Clovis Alvim Destino Hospital Carlos Chagas,686,"R. José Isidoro, 147","-19,62857","-43,22201"
110 - Clovis Alvim Destino Hospital Carlos Chagas,1,Av. Carlos De Paula Andrade - Prefeitura,"-19,62491","-43,22139"
110 - Clovis Alvim Destino Hospital Carlos Chagas,7,"Av. Carlos Drumond De Andrade, 549","-19,621599","-43,223589"
110 - Clovis Alvim Destino Hospital Carlos Chagas,6,"Av. Carlos Drumond De Andrade, 391","-19,61941","-43,22455"
110 - Clovis Alvim Destino Hospital Carlos Chagas,8,"Av. Carlos Drumond De Andrade, 819","-19,61737","-43,226019"
110 - Clovis Alvim Destino Hospital Carlos Chagas,81,"Av. João Soares Da Silva, 353","-19,61563","-43,22726"
110 - Clovis Alvim Destino Hospital Carlos Chagas,83,"Av. João Soares Da Silva, 789","-19,61229","-43,22768"
110 - Clovis Alvim Destino Hospital Carlos Chagas,78,Av. João Soares Da Silva - SENAI,"-19,61209","-43,22307"
110 - Clovis Alvim Destino Hospital Carlos Chagas,15,"Av. Cauê, 597","-19,61226","-43,22201"
110 - Clovis Alvim Destino Hospital Carlos Chagas,168,"R. Desembargador Drumond, 5","-19,61377","-43,22098"
110 - Clovis Alvim Destino Hospital Carlos Chagas,143,R. Chácara Fernando Jardim - HCC,"-19,61971","-43,22164"
110.2,573,"R. José Evangelista Lage, 56","-19,64422","-43,22752"
110.2,572,"R. Francisco José Da Silva, 17","-19,64316","-43,22869"
110.2,629,"Av. Brasil, 1080","-19,64285","-43,22879"
110.2,632,"Av. Brasil, 1062","-19,64231","-43,22783"
110.2,634,"R. Mato Grosso, 860","-19,64113","-43,22831"
110.2,635,"R. Mato Grosso, 1070","-19,6391","-43,22909"
110.2,637,"R. Santa Catarina, 559","-19,63825","-43,22938"
110.2,640,"R. Prof. Maria Antônieta Betônico, 60","-19,63822","-43,22777"
110.2,642,"R. Prof. Maria Antônieta Betônico, 304","-19,63995","-43,22702"
110.2,643,"R. Dr. Juvenil Duarte Braga, 441","-19,63993","-43,22645"
110.2,646,"R. Rita Neves, 324","-19,638","-43,22569"
110.2,647,"R. Rita Neves, 55","-19,63629","-43,22452"
110.2,649,"R. José Gregório Da Cruz, 246","-19,63618","-43,2242"
110.2,222,"R. José Gregório Da Cruz, 420","-19,63781","-43,22308"
110.2,273,"R. Pref. Virgilino Quintão, 1160","-19,63745","-43,22286"
110.2,279,"R. Pref. Virgilino Quintão, 792","-19,63553","-43,22318"
110.2,277,"R. Pref. Virgilino Quintão, 577","-19,63479","-43,2249"
110.2,70,"Av. Ipiranga, 55","-19,63302","-43,22556"
110.2,683,"R. Presidente Costa e Silva, 80","-19,63092","-43,22513"
110.2,680,"R. Armindo Costa Lage, 282 ","-19,62947","-43,22387"
110.2,684,"R. José Isidoro, 263","-19,62919","-43,22293"
110.2,686,"R. José Isidoro, 147","-19,62857","-43,22201"
110.2,1,Av. Carlos De Paula Andrade - Prefeitura,"-19,62491","-43,22139"
110.2,7,"Av. Carlos Drumond De Andrade, 549","-19,621599","-43,223589"
110.2,6,"Av. Carlos Drumond De Andrade, 391","-19,61941","-43,22455"
110.2,8,"Av. Carlos Drumond De Andrade, 819","-19,61737","-43,226019"
110.2,77,Av. João Soares Da Silva - HNSD,"-19,61641","-43,22831"
110.2,179,"R. Dona Zezeca, S/N","-19,61716","-43,22718"
110.2,9,"Av. Carlos Drumond De Andrade, S/N","-19,61794","-43,22584"
110.2,5,"Av. Carlos Drumond De Andrade, 350","-19,61986","-43,22456"
050 - Santa Marta,8,"Av. Carlos Drumond De Andrade, 819","-19,61737","-43,226019"
050 - Santa Marta,16,"Av. Cauê, 598","-19,6121","-43,22194"
050 - Santa Marta,80,"Av. João Soares Da Silva, 1322","-19,611837","-43,22309"
050 - Santa Marta,79,"Av. João Soares Da Silva, 1034","-19,611944","-43,228151"
050 - Santa Marta,82,"Av. João Soares Da Silva, 354","-19,61537","-43,22727"
050 - Santa Marta,179,"R. Dona Zezeca, S/N","-19,61716","-43,22718"
050 - Santa Marta,9,"Av. Carlos Drumond De Andrade, S/N","-19,61794","-43,22584"
050 - Santa Marta,5,"Av. Carlos Drumond De Andrade, 350","-19,61986","-43,22456"
050 - Santa Marta,4,Av. Carlos Drumond De Andrade - Terminal,"-19,62074","-43,22401"
050 - Santa Marta,76,"Av. João Pinheiro, 707","-19,62456","-43,22491"
050 - Santa Marta,74,"Av. João Pinheiro, 454","-19,62584","-43,2274"
050 - Santa Marta,71,"Av. João Pinheiro, 105","-19,62705","-43,22976"
050 - Santa Marta,234,"R. Juca Machado, 90","-19,62797","-43,23079"
050 - Santa Marta,233,"R. Juca Machado, 9","-19,63017","-43,2299"
050 - Santa Marta,95,"Av. Mauro Ribeiro Lage, 548","-19,63136","-43,23161"
050 - Santa Marta,96,"Av. Mauro Ribeiro Lage, 776","-19,632759","-43,231941"
050 - Santa Marta,98,"Av. Mauro Ribeiro Lage, 894","-19,63404","-43,23198"
050 - Santa Marta,99,"Av. Mauro Ribeiro Lage, S/N","-19,63529","-43,23194"
050 - Santa Marta,333,"R. Vereador Nenego Prisco, 392","-19,63808","-43,23267"
050 - Santa Marta,65,"Av. Ipiranga, 139","-19,63948","-43,23367"
050 - Santa Marta,160,"R. Daniel Jardim de Grisólia, 192","-19,64075","-43,23646"
050 - Santa Marta,162,"R. Daniel Jardim de Grisólia, 430","-19,64224","-43,23824"
050 - Santa Marta,191,"R. Gameleira, 150","-19,6454","-43,23876"
050 - Santa Marta,194,"R. Gameleira, 470","-19,64821","-43,23779"
050 - Santa Marta,195,"R. Gameleira, 496","-19,64904","-43,23743"
050 - Santa Marta,499,"R. Humberto Campos, 632","-19,65146","-43,23597"
050 - Santa Marta,496,R. Humberto Campos - Praça João XXIII,"-19,65346","-43,23386"
050 - Santa Marta,500,"R. Humberto Campos, 464","-19,65452","-43,23272"
050 - Santa Marta,212,"R. Humberto Campos, 712","-19,6553","-43,23136"
050 - Santa Marta,512,"R. José Luiz Gonzaga, 734","-19,66045","-43,23001"
050 - Santa Marta,514,"R. José Luiz Gonzaga, 982","-19,66166","-43,22774"
050 - Santa Marta,516,"R. José Luiz Gonzaga, 1148","-19,66261","-43,22674"
050 - Santa Marta,518,"R. A, 85","-19,66287","-43,22584"
050 - Santa Marta,521,"R. José João Bernadino, S/N","-19,66169","-43,22562"
050 - Santa Marta,523,"R. José João Bernadino, 501","-19,6608","-43,22661"
050 - Santa Marta,524,"R. Três, 60","-19,66019","-43,22707"
050 - Santa Marta,526,"R. Três, 180","-19,65985","-43,22586"
050 - Santa Marta,528,"R. Três, 756","-19,65938","-43,22466"
050 - Santa Marta,531,"R. Guilhermina Duarte Lage, 305","-19,65825","-43,22459"
050 - Santa Marta,533,"R. Guilhermina Duarte Lage, 183","-19,6573","-43,22549"
050 - Santa Marta,535,"R. Vicente Martins Do Couto, 110","-19,65739","-43,22729"
050 - Santa Marta,536,"R. Vicente Martins Do Couto, 220","-19,65816","-43,227"
050 - Santa Marta,538,"R. Cem, 30","-19,65888","-43,22722"
050 - Santa Marta,540,"R. Um, 74","-19,65954","-43,22731"
050 - Santa Marta,510,"R. Quatrocentos, 389","-19,65883","-43,22879"
050 - Santa Marta,508,"R. Quatrocentos, 223","-19,65776","-43,22854"
050 - Santa Marta,507,R. Quatrocentos - PSF,"-19,65722","-43,22952"
050 - Santa Marta,211,"R. Humberto Campos, 27","-19,65512","-43,23142"
050 - Santa Marta,501,"R. Humberto Campos, 352","-19,65433","-43,23279"
050 - Santa Marta,497,"R. Humberto Campos, 605","-19,65292","-43,23421"
050 - Santa Marta,498,"R. Humberto Campos, 411","-19,65182","-43,23542"
050 - Santa Marta,196,"R. Gameleira, 561","-19,64922","-43,23718"
050 - Santa Marta,193,"R. Gameleira, 397","-19,64761","-43,23794"
050 - Santa Marta,192,"R. Gameleira, 153","-19,64533","-43,23861"
050 - Santa Marta,163,"R. Daniel Jardim de Grisólia, 431","-19,64223","-43,2381"
050 - Santa Marta,161,"R. Daniel Jardim de Grisólia, 225","-19,64097","-43,23673"
050 - Santa Marta,108,"Av. Rio Doce, 119","-19,63916","-43,2364"
050 - Santa Marta,110,"Av. Rio Doce, 271","-19,63655","-43,23673"
050 - Santa Marta,655,"R. Mármore, 298","-19,63689","-43,23383"
050 - Santa Marta,97,"Av. Mauro Ribeiro Lage, 776 1","-19,6334","-43,23177"
050 - Santa Marta,94,"Av. Mauro Ribeiro Lage, 4613","-19,63141","-43,23142"
050 - Santa Marta,232,"R. Juca Machado, 12","-19,63016","-43,22968"
050 - Santa Marta,73,"Av. João Pinheiro, 38","-19,62736","-43,23036"
050 - Santa Marta,72,"Av. João Pinheiro, 348","-19,62603","-43,2274"
050 - Santa Marta,75,"Av. João Pinheiro, 658","-19,62463","-43,22461"
050 - Santa Marta,7,"Av. Carlos Drumond De Andrade, 549","-19,621599","-43,223589"
050 - Santa Marta,6,"Av. Carlos Drumond De Andrade, 391","-19,61941","-43,22455"
050 - Santa Marta,8,"Av. Carlos Drumond De Andrade, 819","-19,61737","-43,226019"
050 - Santa Marta,81,"Av. João Soares Da Silva, 353","-19,61563","-43,22726"
050 - Santa Marta,83,"Av. João Soares Da Silva, 789","-19,61229","-43,22768"
050 - Santa Marta,78,Av. João Soares Da Silva - SENAI,"-19,61209","-43,22307"
050 - Santa Marta,15,"Av. Cauê, 597","-19,61226","-43,22201"
050 - Santa Marta,168,"R. Desembargador Drumond, 5","-19,61377","-43,22098"
050 - Santa Marta,143,R. Chácara Fernando Jardim - HCC,"-19,61971","-43,22164"
050.2,143,R. Chácara Fernando Jardim - HCC,"-19,61971","-43,22164"
050.2,16,"Av. Cauê, 598","-19,6121","-43,22194"
050.2,80,"Av. João Soares Da Silva, 1322","-19,611837","-43,22309"
050.2,79,"Av. João Soares Da Silva, 1034","-19,611944","-43,228151"
050.2,82,"Av. João Soares Da Silva, 354","-19,61537","-43,22727"
050.2,179,"R. Dona Zezeca, S/N","-19,61716","-43,22718"
050.2,9,"Av. Carlos Drumond De Andrade, S/N","-19,61794","-43,22584"
050.2,5,"Av. Carlos Drumond De Andrade, 350","-19,61986","-43,22456"
050.2,4,Av. Carlos Drumond De Andrade - Terminal,"-19,62074","-43,22401"
050.2,76,"Av. João Pinheiro, 707","-19,62456","-43,22491"
050.2,74,"Av. João Pinheiro, 454","-19,62584","-43,2274"
050.2,71,"Av. João Pinheiro, 105","-19,62705","-43,22976"
050.2,234,"R. Juca Machado, 90","-19,62797","-43,23079"
050.2,151,"R. Cornélio Pena, 47","-19,62997","-43,23069"
050.2,86,"Av. Madalena Pereira Dos Santos, 80","-19,63047","-43,2318"
050.2,84,"Av. Madalena Pereira Dos Santos, 220","-19,63159","-43,23291"
050.2,215,"R. Israel Pinheiro, S/N","-19,63166","-43,23463"
050.2,213,"R. Israel Pinheiro, 630","-19,63391","-43,23586"
050.2,330,"R. Topázio, 100","-19,6345","-43,2365"
050.2,126,MG 129 - FUNCESI,"-19,63553","-43,24013"
050.2,655,"R. Mármore, 298","-19,63689","-43,23383"
050.2,333,"R. Vereador Nenego Prisco, 392","-19,63808","-43,23267"
050.2,65,"Av. Ipiranga, 139","-19,63948","-43,23367"
050.2,160,"R. Daniel Jardim de Grisólia, 192","-19,64075","-43,23646"
050.2,162,"R. Daniel Jardim de Grisólia, 430","-19,64224","-43,23824"
050.2,191,"R. Gameleira, 150","-19,6454","-43,23876"
050.2,194,"R. Gameleira, 470","-19,64821","-43,23779"
050.2,195,"R. Gameleira, 496","-19,64904","-43,23743"
050.2,499,"R. Humberto Campos, 632","-19,65146","-43,23597"
050.2,496,R. Humberto Campos - Praça João XXIII,"-19,65346","-43,23386"
050.2,500,"R. Humberto Campos, 464","-19,65452","-43,23272"
050.2,212,"R. Humberto Campos, 712","-19,6553","-43,23136"
050.2,512,"R. José Luiz Gonzaga, 734","-19,66045","-43,23001"
050.2,514,"R. José Luiz Gonzaga, 982","-19,66166","-43,22774"
050.2,516,"R. José Luiz Gonzaga, 1148","-19,66261","-43,22674"
050.2,518,"R. A, 85","-19,66287","-43,22584"
050.2,521,"R. José João Bernadino, S/N","-19,66169","-43,22562"
050.2,523,"R. José João Bernadino, 501","-19,6608","-43,22661"
050.2,524,"R. Três, 60","-19,66019","-43,22707"
050.2,526,"R. Três, 180","-19,65985","-43,22586"
050.2,528,"R. Três, 756","-19,65938","-43,22466"
050.2,531,"R. Guilhermina Duarte Lage, 305","-19,65825","-43,22459"
050.2,533,"R. Guilhermina Duarte Lage, 183","-19,6573","-43,22549"
050.2,535,"R. Vicente Martins Do Couto, 110","-19,65739","-43,22729"
050.2,536,"R. Vicente Martins Do Couto, 220","-19,65816","-43,227"
050.2,538,"R. Cem, 30","-19,65888","-43,22722"
050.2,540,"R. Um, 74","-19,65954","-43,22731"
050.2,510,"R. Quatrocentos, 389","-19,65883","-43,22879"
050.2,508,"R. Quatrocentos, 223","-19,65776","-43,22854"
050.2,507,R. Quatrocentos - PSF,"-19,65722","-43,22952"
050.2,211,"R. Humberto Campos, 27","-19,65512","-43,23142"
050.2,501,"R. Humberto Campos, 352","-19,65433","-43,23279"
050.2,497,"R. Humberto Campos, 605","-19,65292","-43,23421"
050.2,498,"R. Humberto Campos, 411","-19,65182","-43,23542"
050.2,196,"R. Gameleira, 561","-19,64922","-43,23718"
050.2,193,"R. Gameleira, 397","-19,64761","-43,23794"
050.2,192,"R. Gameleira, 153","-19,64533","-43,23861"
050.2,163,"R. Daniel Jardim de Grisólia, 431","-19,64223","-43,2381"
050.2,161,"R. Daniel Jardim de Grisólia, 225","-19,64097","-43,23673"
050.2,108,"Av. Rio Doce, 119","-19,63916","-43,2364"
050.2,110,"Av. Rio Doce, 271","-19,63655","-43,23673"
050.2,655,"R. Mármore, 298","-19,63689","-43,23383"
050.2,97,"Av. Mauro Ribeiro Lage, 776 1","-19,6334","-43,23177"
050.2,94,"Av. Mauro Ribeiro Lage, 4613","-19,63141","-43,23142"
050.2,232,"R. Juca Machado, 12","-19,63016","-43,22968"
050.2,73,"Av. João Pinheiro, 38","-19,62736","-43,23036"
050.2,72,"Av. João Pinheiro, 348","-19,62603","-43,2274"
050.2,75,"Av. João Pinheiro, 658","-19,62463","-43,22461"
050.2,7,"Av. Carlos Drumond De Andrade, 549","-19,621599","-43,223589"
050.2,6,"Av. Carlos Drumond De Andrade, 391","-19,61941","-43,22455"
050.2,8,"Av. Carlos Drumond De Andrade, 819","-19,61737","-43,226019"
050.2,81,"Av. João Soares Da Silva, 353","-19,61563","-43,22726"
050.2,83,"Av. João Soares Da Silva, 789","-19,61229","-43,22768"
050.2,78,Av. João Soares Da Silva - SENAI,"-19,61209","-43,22307"
050.2,15,"Av. Cauê, 597","-19,61226","-43,22201"
050.2,168,"R. Desembargador Drumond, 5","-19,61377","-43,22098"
050.2,143,R. Chácara Fernando Jardim - HCC,"-19,61971","-43,22164"
050.3 - ida - Destino Santa Marta,16,"Av. Cauê, 598","-19,6121","-43,22194"
050.3 - ida - Destino Santa Marta,80,"Av. João Soares Da Silva, 1322","-19,611837","-43,22309"
050.3 - ida - Destino Santa Marta,79,"Av. João Soares Da Silva, 1034","-19,611944","-43,228151"
050.3 - ida - Destino Santa Marta,82,"Av. João Soares Da Silva, 354","-19,61537","-43,22727"
050.3 - ida - Destino Santa Marta,179,"R. Dona Zezeca, S/N","-19,61716","-43,22718"
050.3 - ida - Destino Santa Marta,9,"Av. Carlos Drumond De Andrade, S/N","-19,61794","-43,22584"
050.3 - ida - Destino Santa Marta,4,Av. Carlos Drumond De Andrade - Terminal,"-19,62074","-43,22401"
050.3 - ida - Destino Santa Marta,1,Av. Carlos De Paula Andrade - Prefeitura,"-19,62491","-43,22139"
050.3 - ida - Destino Santa Marta,76,"Av. João Pinheiro, 707","-19,62456","-43,22491"
050.3 - ida - Destino Santa Marta,74,"Av. João Pinheiro, 454","-19,62584","-43,2274"
050.3 - ida - Destino Santa Marta,71,"Av. João Pinheiro, 105","-19,62705","-43,22976"
050.3 - ida - Destino Santa Marta,234,"R. Juca Machado, 90","-19,62797","-43,23079"
050.3 - ida - Destino Santa Marta,233,"R. Juca Machado, 9","-19,63017","-43,2299"
050.3 - ida - Destino Santa Marta,95,"Av. Mauro Ribeiro Lage, 548","-19,63136","-43,23161"
050.3 - ida - Destino Santa Marta,96,"Av. Mauro Ribeiro Lage, 776","-19,632759","-43,231941"
050.3 - ida - Destino Santa Marta,98,"Av. Mauro Ribeiro Lage, 894","-19,63404","-43,23198"
050.3 - ida - Destino Santa Marta,99,"Av. Mauro Ribeiro Lage, S/N","-19,63529","-43,23194"
050.3 - ida - Destino Santa Marta,333,"R. Vereador Nenego Prisco, 392","-19,63808","-43,23267"
050.3 - ida - Destino Santa Marta,65,"Av. Ipiranga, 139","-19,63948","-43,23367"
050.3 - ida - Destino Santa Marta,160,"R. Daniel Jardim de Grisólia, 192","-19,64075","-43,23646"
050.3 - ida - Destino Santa Marta,162,"R. Daniel Jardim de Grisólia, 430","-19,64224","-43,23824"
050.3 - ida - Destino Santa Marta,191,"R. Gameleira, 150","-19,6454","-43,23876"
050.3 - ida - Destino Santa Marta,194,"R. Gameleira, 470","-19,64821","-43,23779"
050.3 - ida - Destino Santa Marta,195,"R. Gameleira, 496","-19,64904","-43,23743"
050.3 - ida - Destino Santa Marta,499,"R. Humberto Campos, 632","-19,65146","-43,23597"
050.3 - ida - Destino Santa Marta,496,R. Humberto Campos - Praça João XXIII,"-19,65346","-43,23386"
050.3 - ida - Destino Santa Marta,500,"R. Humberto Campos, 464","-19,65452","-43,23272"
050.3 - ida - Destino Santa Marta,212,"R. Humberto Campos, 712","-19,6553","-43,23136"
050.3 - ida - Destino Santa Marta,512,"R. José Luiz Gonzaga, 734","-19,66045","-43,23001"
050.3 - ida - Destino Santa Marta,514,"R. José Luiz Gonzaga, 982","-19,66166","-43,22774"
050.3 - ida - Destino Santa Marta,516,"R. José Luiz Gonzaga, 1148","-19,66261","-43,22674"
050.3 - ida - Destino Santa Marta,518,"R. A, 85","-19,66287","-43,22584"
050.3 - ida - Destino Santa Marta,521,"R. José João Bernadino, S/N","-19,66169","-43,22562"
050.3 - ida - Destino Santa Marta,523,"R. José João Bernadino, 501","-19,6608","-43,22661"
050.3 - ida - Destino Santa Marta,524,"R. Três, 60","-19,66019","-43,22707"
050.3 - ida - Destino Santa Marta,526,"R. Três, 180","-19,65985","-43,22586"
050.3 - ida - Destino Santa Marta,528,"R. Três, 756","-19,65938","-43,22466"
050.3 - ida - Destino Santa Marta,531,"R. Guilhermina Duarte Lage, 305","-19,65825","-43,22459"
050.3 - ida - Destino Santa Marta,533,"R. Guilhermina Duarte Lage, 183","-19,6573","-43,22549"
050.3 - ida - Destino Santa Marta,535,"R. Vicente Martins Do Couto, 110","-19,65739","-43,22729"
050.3 - ida - Destino Santa Marta,538,"R. Cem, 30","-19,65888","-43,22722"
050.3 - ida - Destino Santa Marta,540,"R. Um, 74","-19,65954","-43,22731"
050.3 - ida - Destino Santa Marta,510,"R. Quatrocentos, 389","-19,65883","-43,22879"
050.3 - ida - Destino Santa Marta,508,"R. Quatrocentos, 223","-19,65776","-43,22854"
050.3 - ida - Destino Santa Marta,507,R. Quatrocentos - PSF,"-19,65722","-43,22952"
050.3 - ida - Destino Santa Marta,497,"R. Humberto Campos, 605","-19,65292","-43,23421"
050.3 - ida - Destino Santa Marta,498,"R. Humberto Campos, 411","-19,65182","-43,23542"
050.3 - ida - Destino Santa Marta,193,"R. Gameleira, 397","-19,64761","-43,23794"
050.3 - ida - Destino Santa Marta,108,"Av. Rio Doce, 119","-19,63916","-43,2364"
050.3 - ida - Destino Santa Marta,110,"Av. Rio Doce, 271","-19,63655","-43,23673"
050.3 - ida - Destino Santa Marta,655,"R. Mármore, 298","-19,63689","-43,23383"
050.3 - ida - Destino Santa Marta,97,"Av. Mauro Ribeiro Lage, 776 1","-19,6334","-43,23177"
050.3 - ida - Destino Santa Marta,73,"Av. João Pinheiro, 38","-19,62736","-43,23036"
050.3 - ida - Destino Santa Marta,75,"Av. João Pinheiro, 658","-19,62463","-43,22461"
050.3 - ida - Destino Santa Marta,7,"Av. Carlos Drumond De Andrade, 549","-19,621599","-43,223589"
050.3 - ida - Destino Santa Marta,6,"Av. Carlos Drumond De Andrade, 391","-19,61941","-43,22455"
050.3 - ida - Destino Santa Marta,8,"Av. Carlos Drumond De Andrade, 819","-19,61737","-43,226019"
050.3 - ida - Destino Santa Marta,83,"Av. João Soares Da Silva, 789","-19,61229","-43,22768"
050.3 - ida - Destino Santa Marta,168,"R. Desembargador Drumond, 5","-19,61377","-43,22098"
070 – Ida,127,Praça Do Campestre,"-19,61416","-43,22082"
070 – Ida,12,"Av. Cauê, 378","-19,61362","-43,22029"
070 – Ida,16,"Av. Cauê, 598","-19,6121","-43,22194"
070 – Ida,80,"Av. João Soares Da Silva, 1322","-19,611837","-43,22309"
070 – Ida,79,"Av. João Soares Da Silva, 1034","-19,611944","-43,228151"
070 – Ida,82,"Av. João Soares Da Silva, 354","-19,61537","-43,22727"
070 – Ida,77,Av. João Soares Da Silva - HNSD,"-19,61641","-43,22831"
070 – Ida,179,"R. Dona Zezeca, S/N","-19,61716","-43,22718"
070 – Ida,9,"Av. Carlos Drumond De Andrade, S/N","-19,61794","-43,22584"
070 – Ida,5,"Av. Carlos Drumond De Andrade, 350","-19,61986","-43,22456"
070 – Ida,4,Av. Carlos Drumond De Andrade - Terminal,"-19,62074","-43,22401"
070 – Ida,76,"Av. João Pinheiro, 707","-19,62456","-43,22491"
070 – Ida,74,"Av. João Pinheiro, 454","-19,62584","-43,2274"
070 – Ida,71,"Av. João Pinheiro, 105","-19,62705","-43,22976"
070 – Ida,142,"R. Cesário Alvim Sobrinho, 220","-19,62816","-43,2327"
070 – Ida,329,"R. Tenente Antônio Camilo, 33","-19,62849","-43,23335"
070 – Ida,255,"R. Netuno, 38","-19,62888","-43,23466"
070 – Ida,253,"R. Netuno, 102","-19,62945","-43,23618"
070 – Ida,254,"R. Netuno, 272","-19,62922","-43,23709"
070 – Ida,123,Estr. Cento E Cinco,"-19,6305","-43,23717"
070 – Ida,125,Estr. Cento E Cinco - Saída Areão,"-19,63467","-43,23886"
070 – Ida,107,Av. Rio Doce - Praça do Areão,"-19,63595","-43,23669"
070 – Ida,109,"Av. Rio Doce, 120","-19,63929","-43,23649"
070 – Ida,581,"Av. Brasil, 418","-19,64071","-43,2339"
070 – Ida,579,"Av. Brasil, 580","-19,64164","-43,23274"
070 – Ida,577,"Av. Brasil, 766","-19,64252","-43,23159"
070 – Ida,574,"Av. Brasil, 876","-19,64311","-43,23058"
070 – Ida,569,"R. Jason Bragança, 80","-19,64408","-43,23099"
070 – Ida,568,"Av. Fábio Pires, 124","-19,64537","-43,2312"
070 – Ida,566,"Av. Fábio Pires, 234","-19,64662","-43,23086"
070 – Ida,565,"R. José De Alencar, 308","-19,64771","-43,22981"
070 – Ida,563,"R. José De Alencar, 410","-19,64846","-43,22941"
070 – Ida,560,"R. Coelho Neto, 30","-19,64877","-43,22943"
070 – Ida,559,"R. Coelho Neto, 58","-19,64858","-43,22971"
070 – Ida,588,"R. Nazaré, 61","-19,64954","-43,21736"
070 – Ida,555,"R. Casemiro De Abreu, 53","-19,65092","-43,22951"
070 – Ida,553,"R. Castro Alves, 226","-19,64983","-43,23049"
070 – Ida,551,"R. Olávo Bilac, 231","-19,65018","-43,23093"
070 – Ida,549,"R. Afonso Pena, 494","-19,6503","-43,23169"
070 – Ida,582,R. Manoel Bandeira,"-19,65147","-43,23237"
070 – Ida,136,"R. Afonso Arinos, 600","-19,65268","-43,23228"
070 – Ida,203,"R. H, 110","-19,65413","-43,23248"
070 – Ida,212,"R. Humberto Campos, 712","-19,6553","-43,23136"
070 – Ida,299,"R. Quinze, 190","-19,65623","-43,23168"
070 – Ida,174,"R. Dez, 32","-19,65744","-43,23209"
070 – Ida,170,"R. Dez, 186","-19,65848","-43,23162"
070 – Ida,172,"R. Dez, 286","-19,6595","-43,23122"
070 – Ida,256,"R. Oito, 100","-19,66045","-43,23053"
070 – Ida,117,"Av. Vinte, 456","-19,66127","-43,23128"
070 – Ida,120,"Av. Vinte, 648","-19,66316","-43,23045"
070 – Ida,112,"Av. Vinte, 160","-19,66417","-43,22991"
070 – Ida,114,"Av. Vinte, 422","-19,66602","-43,22832"
070 – Ida,111,"Av. Vinte, 720","-19,66727","-43,22671"
070 – Ida,225,"R. José João Bernadino, S/N.","-19,66852","-43,22509"
070 – Ida,223,R. José João Bernadino,"-19,66782","-43,22304"
070 – Ida,209,R. Humberto Campos 5,"-19,67236","-43,22161"
070 – Ida,207,R. Humberto Campos 3,"-19,67566","-43,22201"
070 – Ida,208,R. Humberto Campos 4,"-19,67978","-43,2235"
070 – Ida,58,"Av. Hematita, 252","-19,68209","-43,223231"
070 – Ida,60,"Av. Hematita, 342","-19,68331","-43,22291"
070 – Ida,63,"Av. Hematita, 730","-19,68342","-43,21895"
070 – Ida,61,"Av. Hematita, 520","-19,68252","-43,21746"
070 – Ida,55,"Av. Hematita, 1270","-19,68114","-43,21313"
070 – Ida,150,"R. Columbita, 155","-19,6822","-43,2128"
070 – Ida,145,R. Columbita 1,"-19,68557","-43,21463"
070 – Ida,146,R. Columbita 2,"-19,6883","-43,21574"
070 – Ida,1037,Baixada Grande. 1,"-19,6871675","-43,2178813"
070 – Ida,1040,Baixada Grande. 4,"-19,6872281","-43,2193136"
070 – Ida,1041,Baixada Grande. 5,"-19,6861573","-43,2202524"
070 – Ida,1044,R. Quatro. 2,"-19,6857734","-43,2225537"
070 – Ida,1046,R. Quatro. 4,"-19,6853491","-43,2237071"
070 – Ida,1048,Ponto 1002,"-19,6850562","-43,2240987"
070 – Ida,1049,"R. Seis, 186","-19,6849855","-43,2248712"
070 – Ida,217,"R. Joaquim Costa, 1","-19,68592","-43,22583"
070 – Ida,219,"R. Joaquim Costa, 185","-19,68732","-43,22658"
070 – Ida,216,R. Joaquim Costa,"-19,68856","-43,22625"
070 – Volta,216,R. Joaquim Costa,"-19,68856","-43,22625"
070 – Volta,218,"R. Joaquim Costa, 180","-19,68732","-43,22651"
070 – Volta,220,"R. Joaquim Costa, 4","-19,686","-43,22575"
070 – Volta,309,R. Seis,"-19,68513","-43,22476"
070 – Volta,1047,"R. Três, 80","-19,6851572","-43,2242864"
070 – Volta,1045,R. Quatro. 3,"-19,6855209","-43,2237768"
070 – Volta,1043,R. Quatro. 1,"-19,685935","-43,222661"
070 – Volta,1042,Baixada Grande. 6,"-19,686324","-43,2202202"
070 – Volta,1039,Baixada Grande. 3,"-19,6872735","-43,2195282"
070 – Volta,1038,Baixada Grande. 2 ,"-19,6873089","-43,2177472"
070 – Volta,144,R. Columbita,"-19,68831","-43,21565"
070 – Volta,147,R. Columbita 3,"-19,6856","-43,21453"
070 – Volta,149,"R. Columbita, 481","-19,68212","-43,21262"
070 – Volta,56,"Av. Hematita, 1275","-19,68104","-43,21314"
070 – Volta,62,"Av. Hematita, 525","-19,68244","-43,21752"
070 – Volta,64,"Av. Hematita, 731","-19,68333","-43,21899"
070 – Volta,59,"Av. Hematita, 335","-19,68327","-43,22278"
070 – Volta,57,"Av. Hematita, 129","-19,68208","-43,22311"
070 – Volta,204,R. Humberto Campos,"-19,67984","-43,22334"
070 – Volta,205,R. Humberto Campos 1,"-19,67568","-43,22186"
070 – Volta,206,R. Humberto Campos 2,"-19,67233","-43,22143"
070 – Volta,226,"R. José João Bernadino, S/N 1","-19,6677","-43,22306"
070 – Volta,224,R. José João Bernadino 1,"-19,6684","-43,22516"
070 – Volta,121,"Av. Vinte, 699","-19,66694","-43,22659"
070 – Volta,115,"Av. Vinte, 425","-19,66586","-43,22825"
070 – Volta,113,"Av. Vinte, 145","-19,66413","-43,22978"
070 – Volta,119,"Av. Vinte, 637","-19,66312","-43,23025"
070 – Volta,118,"Av. Vinte, 445","-19,66113","-43,23118"
070 – Volta,257,"R. Oito, 145","-19,66041","-43,23025"
070 – Volta,171,"R. Dez, 285","-19,65937","-43,23114"
070 – Volta,169,"R. Dez, 165","-19,65842","-43,23151"
070 – Volta,173,"R. Dez, 31","-19,65742","-43,23196"
070 – Volta,298,"R. Quinze, 141","-19,65638","-43,23164"
070 – Volta,211,"R. Humberto Campos, 27","-19,65512","-43,23142"
070 – Volta,202,"R. H, 105","-19,65393","-43,23218"
070 – Volta,135,"R. Afonso Arinos, 523","-19,65252","-43,23221"
070 – Volta,547,"R. São Mateus, 103","-19,65159","-43,23306"
070 – Volta,548,R. São Mateus,"-19,65083","-43,2328"
070 – Volta,550,"R. Afonso Pena, 435","-19,65048","-43,23167"
070 – Volta,552,"R. Olávo Bilac, 234","-19,65021","-43,23083"
070 – Volta,554,"R. Castro Alves, 694","-19,65121","-43,22985"
070 – Volta,556,"R. Casemiro De Abreu, 54","-19,6509","-43,2294"
070 – Volta,557,"R. Casemiro De Abreu, 196","-19,6498","-43,22993"
070 – Volta,561,"R. Coelho Neto, 31","-19,64879","-43,2295"
070 – Volta,562,"R. José De Alencar, 409","-19,64844","-43,22933"
070 – Volta,564,"R. José De Alencar, 307","-19,64769","-43,22974"
070 – Volta,567,"Av. Fábio Pires, 121","-19,64537","-43,2311"
070 – Volta,570,"R. Madre Maria De Jesus, 282","-19,64427","-43,23049"
070 – Volta,571,"R. Madre Maria De Jesus, 2","-19,64339","-43,2288"
070 – Volta,575,"Av. Brasil, 586","-19,64299","-43,23059"
070 – Volta,576,"Av. Brasil, 440","-19,64243","-43,23145"
070 – Volta,578,"Av. Brasil, 593","-19,64153","-43,23264"
070 – Volta,580,Av. Brasil - Praça Rotary,"-19,64061","-43,23384"
070 – Volta,108,"Av. Rio Doce, 119","-19,63916","-43,2364"
070 – Volta,110,"Av. Rio Doce, 271","-19,63655","-43,23673"
070 – Volta,330,"R. Topázio, 100","-19,6345","-43,2365"
070 – Volta,235,R. Júpiter,"-19,63019","-43,23655"
070 – Volta,246,"R. Minerva, 93","-19,63","-43,23528"
070 – Volta,328,"R. Tenente Antônio Camilo, 30","-19,62855","-43,23337"
070 – Volta,327,"R. Tenente Antônio Camilo, 180","-19,62935","-43,23216"
070 – Volta,37,"Av. Duque De Caxias, 24","-19,63002","-43,23038"
070 – Volta,73,"Av. João Pinheiro, 38","-19,62736","-43,23036"
070 – Volta,72,"Av. João Pinheiro, 348","-19,62603","-43,2274"
070 – Volta,75,"Av. João Pinheiro, 658","-19,62463","-43,22461"
070 – Volta,7,"Av. Carlos Drumond De Andrade, 549","-19,621599","-43,223589"
070 – Volta,6,"Av. Carlos Drumond De Andrade, 391","-19,61941","-43,22455"
070 – Volta,8,"Av. Carlos Drumond De Andrade, 819","-19,61737","-43,226019"
070 – Volta,81,"Av. João Soares Da Silva, 353","-19,61563","-43,22726"
070 – Volta,83,"Av. João Soares Da Silva, 789","-19,61229","-43,22768"
070 – Volta,78,Av. João Soares Da Silva - SENAI,"-19,61209","-43,22307"
070 – Volta,15,"Av. Cauê, 597","-19,61226","-43,22201"
070 – Volta,168,"R. Desembargador Drumond, 5","-19,61377","-43,22098"
070 – Volta,127,Praça Do Campestre,"-19,61416","-43,22082"
070.3 – Ida,4,Av. Carlos Drumond De Andrade - Terminal,"-19,62074","-43,22401"
070.3 – Ida,76,"Av. João Pinheiro, 707","-19,62456","-43,22491"
070.3 – Ida,74,"Av. João Pinheiro, 454","-19,62584","-43,2274"
070.3 – Ida,71,"Av. João Pinheiro, 105","-19,62705","-43,22976"
070.3 – Ida,142,"R. Cesário Alvim Sobrinho, 220","-19,62816","-43,2327"
070.3 – Ida,329,"R. Tenente Antônio Camilo, 33","-19,62849","-43,23335"
070.3 – Ida,255,"R. Netuno, 38","-19,62888","-43,23466"
070.3 – Ida,253,"R. Netuno, 102","-19,62945","-43,23618"
070.3 – Ida,254,"R. Netuno, 272","-19,62922","-43,23709"
070.3 – Ida,123,Estr. Cento E Cinco,"-19,6305","-43,23717"
070.3 – Ida,125,Estr. Cento E Cinco - Saída Areão,"-19,63467","-43,23886"
070.3 – Ida,107,Av. Rio Doce - Praça do Areão,"-19,63595","-43,23669"
070.3 – Ida,109,"Av. Rio Doce, 120","-19,63929","-43,23649"
070.3 – Ida,581,"Av. Brasil, 418","-19,64071","-43,2339"
070.3 – Ida,579,"Av. Brasil, 580","-19,64164","-43,23274"
070.3 – Ida,577,"Av. Brasil, 766","-19,64252","-43,23159"
070.3 – Ida,574,"Av. Brasil, 876","-19,64311","-43,23058"
070.3 – Ida,569,"R. Jason Bragança, 80","-19,64408","-43,23099"
070.3 – Ida,568,"Av. Fábio Pires, 124","-19,64537","-43,2312"
070.3 – Ida,566,"Av. Fábio Pires, 234","-19,64662","-43,23086"
070.3 – Ida,565,"R. José De Alencar, 308","-19,64771","-43,22981"
070.3 – Ida,563,"R. José De Alencar, 410","-19,64846","-43,22941"
070.3 – Ida,560,"R. Coelho Neto, 30","-19,64877","-43,22943"
070.3 – Ida,559,"R. Coelho Neto, 58","-19,64858","-43,22971"
070.3 – Ida,588,"R. Nazaré, 61","-19,64954","-43,21736"
070.3 – Ida,555,"R. Casemiro De Abreu, 53","-19,65092","-43,22951"
070.3 – Ida,553,"R. Castro Alves, 226","-19,64983","-43,23049"
070.3 – Ida,551,"R. Olávo Bilac, 231","-19,65018","-43,23093"
070.3 – Ida,549,"R. Afonso Pena, 494","-19,6503","-43,23169"
070.3 – Ida,582,R. Manoel Bandeira,"-19,65147","-43,23237"
070.3 – Ida,136,"R. Afonso Arinos, 600","-19,65268","-43,23228"
070.3 – Ida,203,"R. H, 110","-19,65413","-43,23248"
070.3 – Ida,212,"R. Humberto Campos, 712","-19,6553","-43,23136"
070.3 – Ida,299,"R. Quinze, 190","-19,65623","-43,23168"
070.3 – Ida,174,"R. Dez, 32","-19,65744","-43,23209"
070.3 – Ida,170,"R. Dez, 186","-19,65848","-43,23162"
070.3 – Ida,172,"R. Dez, 286","-19,6595","-43,23122"
070.3 – Ida,256,"R. Oito, 100","-19,66045","-43,23053"
070.3 – Ida,117,"Av. Vinte, 456","-19,66127","-43,23128"
070.3 – Ida,120,"Av. Vinte, 648","-19,66316","-43,23045"
070.3 – Ida,112,"Av. Vinte, 160","-19,66417","-43,22991"
070.3 – Ida,114,"Av. Vinte, 422","-19,66602","-43,22832"
070.3 – Ida,111,"Av. Vinte, 720","-19,66727","-43,22671"
070.3 – Ida,225,"R. José João Bernadino, S/N.","-19,66852","-43,22509"
070.3 – Ida,223,R. José João Bernadino,"-19,66782","-43,22304"
070.3 – Ida,209,R. Humberto Campos 5,"-19,67236","-43,22161"
070.3 – Ida,207,R. Humberto Campos 3,"-19,67566","-43,22201"
070.3 – Ida,297,R. Quatro,"-19,67187","-43,21714"
070.3 – Ida,122,Campus UNIFEI,"-19,67386","-43,21307"
070.3 – Ida,208,R. Humberto Campos 4,"-19,67978","-43,2235"
070.3 – Ida,58,"Av. Hematita, 252","-19,68209","-43,223231"
070.3 – Ida,60,"Av. Hematita, 342","-19,68331","-43,22291"
070.3 – Ida,63,"Av. Hematita, 730","-19,68342","-43,21895"
070.3 – Ida,61,"Av. Hematita, 520","-19,68252","-43,21746"
070.3 – Ida,55,"Av. Hematita, 1270","-19,68114","-43,21313"
070.3 – Ida,150,"R. Columbita, 155","-19,6822","-43,2128"
070.3 – Ida,145,R. Columbita 1,"-19,68557","-43,21463"
070.3 – Ida,146,R. Columbita 2,"-19,6883","-43,21574"
070.3 – Ida,1037,Baixada Grande. 1,"-19,6871675","-43,2178813"
070.3 – Ida,1040,Baixada Grande. 4,"-19,6872281","-43,2193136"
070.3 – Ida,1041,Baixada Grande. 5,"-19,6861573","-43,2202524"
070.3 – Ida,1044,R. Quatro. 2,"-19,6857734","-43,2225537"
070.3 – Ida,1046,R. Quatro. 4,"-19,6853491","-43,2237071"
070.3 – Ida,1048,Ponto 1002,"-19,6850562","-43,2240987"
070.3 – Ida,1049,"R. Seis, 186","-19,6849855","-43,2248712"
070.3 – Ida,217,"R. Joaquim Costa, 1","-19,68592","-43,22583"
070.3 – Ida,219,"R. Joaquim Costa, 185","-19,68732","-43,22658"
070.3 – Ida,216,R. Joaquim Costa,"-19,68856","-43,22625"
070.2 – Ida,127,Praça Do Campestre,"-19,61416","-43,22082"
070.2 – Ida,12,"Av. Cauê, 378","-19,61362","-43,22029"
070.2 – Ida,16,"Av. Cauê, 598","-19,6121","-43,22194"
070.2 – Ida,80,"Av. João Soares Da Silva, 1322","-19,611837","-43,22309"
070.2 – Ida,79,"Av. João Soares Da Silva, 1034","-19,611944","-43,228151"
070.2 – Ida,82,"Av. João Soares Da Silva, 354","-19,61537","-43,22727"
070.2 – Ida,77,Av. João Soares Da Silva - HNSD,"-19,61641","-43,22831"
070.2 – Ida,179,"R. Dona Zezeca, S/N","-19,61716","-43,22718"
070.2 – Ida,9,"Av. Carlos Drumond De Andrade, S/N","-19,61794","-43,22584"
070.2 – Ida,5,"Av. Carlos Drumond De Andrade, 350","-19,61986","-43,22456"
070.2 – Ida,4,Av. Carlos Drumond De Andrade - Terminal,"-19,62074","-43,22401"
070.2 – Ida,76,"Av. João Pinheiro, 707","-19,62456","-43,22491"
070.2 – Ida,74,"Av. João Pinheiro, 454","-19,62584","-43,2274"
070.2 – Ida,71,"Av. João Pinheiro, 105","-19,62705","-43,22976"
070.2 – Ida,142,"R. Cesário Alvim Sobrinho, 220","-19,62816","-43,2327"
070.2 – Ida,329,"R. Tenente Antônio Camilo, 33","-19,62849","-43,23335"
070.2 – Ida,255,"R. Netuno, 38","-19,62888","-43,23466"
070.2 – Ida,253,"R. Netuno, 102","-19,62945","-43,23618"
070.2 – Ida,254,"R. Netuno, 272","-19,62922","-43,23709"
070.2 – Ida,123,Estr. Cento E Cinco,"-19,6305","-43,23717"
070.2 – Ida,125,Estr. Cento E Cinco - Saída Areão,"-19,63467","-43,23886"
070.2 – Ida,107,Av. Rio Doce - Praça do Areão,"-19,63595","-43,23669"
070.2 – Ida,109,"Av. Rio Doce, 120","-19,63929","-43,23649"
070.2 – Ida,581,"Av. Brasil, 418","-19,64071","-43,2339"
070.2 – Ida,579,"Av. Brasil, 580","-19,64164","-43,23274"
070.2 – Ida,577,"Av. Brasil, 766","-19,64252","-43,23159"
070.2 – Ida,574,"Av. Brasil, 876","-19,64311","-43,23058"
070.2 – Ida,569,"R. Jason Bragança, 80","-19,64408","-43,23099"
070.2 – Ida,568,"Av. Fábio Pires, 124","-19,64537","-43,2312"
070.2 – Ida,566,"Av. Fábio Pires, 234","-19,64662","-43,23086"
070.2 – Ida,565,"R. José De Alencar, 308","-19,64771","-43,22981"
070.2 – Ida,563,"R. José De Alencar, 410","-19,64846","-43,22941"
070.2 – Ida,560,"R. Coelho Neto, 30","-19,64877","-43,22943"
070.2 – Ida,559,"R. Coelho Neto, 58","-19,64858","-43,22971"
070.2 – Ida,588,"R. Nazaré, 61","-19,64954","-43,21736"
070.2 – Ida,555,"R. Casemiro De Abreu, 53","-19,65092","-43,22951"
070.2 – Ida,553,"R. Castro Alves, 226","-19,64983","-43,23049"
070.2 – Ida,551,"R. Olávo Bilac, 231","-19,65018","-43,23093"
070.2 – Ida,549,"R. Afonso Pena, 494","-19,6503","-43,23169"
070.2 – Ida,582,R. Manoel Bandeira,"-19,65147","-43,23237"
070.2 – Ida,136,"R. Afonso Arinos, 600","-19,65268","-43,23228"
070.2 – Ida,203,"R. H, 110","-19,65413","-43,23248"
070.2 – Ida,212,"R. Humberto Campos, 712","-19,6553","-43,23136"
070.2 – Ida,299,"R. Quinze, 190","-19,65623","-43,23168"
070.2 – Ida,174,"R. Dez, 32","-19,65744","-43,23209"
070.2 – Ida,170,"R. Dez, 186","-19,65848","-43,23162"
070.2 – Ida,172,"R. Dez, 286","-19,6595","-43,23122"
070.2 – Ida,256,"R. Oito, 100","-19,66045","-43,23053"
070.2 – Ida,117,"Av. Vinte, 456","-19,66127","-43,23128"
070.2 – Ida,120,"Av. Vinte, 648","-19,66316","-43,23045"
070.2 – Ida,112,"Av. Vinte, 160","-19,66417","-43,22991"
070.2 – Ida,114,"Av. Vinte, 422","-19,66602","-43,22832"
070.2 – Ida,111,"Av. Vinte, 720","-19,66727","-43,22671"
070.2 – Ida,225,"R. José João Bernadino, S/N.","-19,66852","-43,22509"
070.2 – Ida,223,R. José João Bernadino,"-19,66782","-43,22304"
070.2 – Ida,209,R. Humberto Campos 5,"-19,67236","-43,22161"
070.2 – Ida,207,R. Humberto Campos 3,"-19,67566","-43,22201"
070.2 – Ida,297,R. Quatro,"-19,67187","-43,21714"
070.2 – Ida,122,Campus UNIFEI,"-19,67386","-43,21307"
070.2 – Ida,208,R. Humberto Campos 4,"-19,67978","-43,2235"
070.2 – Ida,58,"Av. Hematita, 252","-19,68209","-43,223231"
070.2 – Ida,60,"Av. Hematita, 342","-19,68331","-43,22291"
070.2 – Ida,63,"Av. Hematita, 730","-19,68342","-43,21895"
070.2 – Ida,61,"Av. Hematita, 520","-19,68252","-43,21746"
070.2 – Ida,55,"Av. Hematita, 1270","-19,68114","-43,21313"
070.2 – Ida,150,"R. Columbita, 155","-19,6822","-43,2128"
070.2 – Ida,145,R. Columbita 1,"-19,68557","-43,21463"
070.2 – Ida,146,R. Columbita 2,"-19,6883","-43,21574"
070.2 – Ida,1037,Baixada Grande. 1,"-19,6871675","-43,2178813"
070.2 – Ida,1040,Baixada Grande. 4,"-19,6872281","-43,2193136"
070.2 – Ida,1041,Baixada Grande. 5,"-19,6861573","-43,2202524"
070.2 – Ida,1044,R. Quatro. 2,"-19,6857734","-43,2225537"
070.2 – Ida,1046,R. Quatro. 4,"-19,6853491","-43,2237071"
070.2 – Ida,1048,Ponto 1002,"-19,6850562","-43,2240987"
070.2 – Ida,1049,"R. Seis, 186","-19,6849855","-43,2248712"
070.2 – Ida,217,"R. Joaquim Costa, 1","-19,68592","-43,22583"
070.2 – Ida,219,"R. Joaquim Costa, 185","-19,68732","-43,22658"
070.2 – Ida,216,R. Joaquim Costa,"-19,68856","-43,22625"
070.4 – Ida,705,"Av. Luís Lot, 401","-19,593544","-43,193235"
070.4 – Ida,703,"R. Pássaro Verde, 449","-19,59549","-43,19201"
070.4 – Ida,700,"R. Pássaro Verde, 215","-19,59503","-43,19391"
070.4 – Ida,699,"MG 129, 2","-19,59517","-43,19723"
070.4 – Ida,697,MG 129 - Acesso R. João De Barro,"-19,59685","-43,19945"
070.4 – Ida,695,"MG 129, 1","-19,59893","-43,20098"
070.4 – Ida,693,MG 129 - Acesso Mina Cauê – 1,"-19,6056","-43,2169"
070.4 – Ida,127,Praça Do Campestre,"-19,61416","-43,22082"
070.4 – Ida,12,"Av. Cauê, 378","-19,61362","-43,22029"
070.4 – Ida,16,"Av. Cauê, 598","-19,6121","-43,22194"
070.4 – Ida,80,"Av. João Soares Da Silva, 1322","-19,611837","-43,22309"
070.4 – Ida,79,"Av. João Soares Da Silva, 1034","-19,611944","-43,228151"
070.4 – Ida,53,"Av. France De Paula Andrade, 525","-19,61427","-43,22995"
070.4 – Ida,50,"Av. France De Paula Andrade, 375","-19,6166","-43,23139"
070.4 – Ida,48,"Av. France De Paula Andrade, 150","-19,6184","-43,23216"
070.4 – Ida,691,"R. Dr. José De Grisólia, 464","-19,61996","-43,23233"
070.4 – Ida,188,R. Doutor Olinto Andrade,"-19,62229","-43,23162"
070.4 – Ida,87,"Av. Martins Da Costa, 100","-19,62246","-43,22895"
070.4 – Ida,89,"Av. Martins Da Costa, 340","-19,62074","-43,22847"
070.4 – Ida,181,"R. Doutor Guerra, 49","-19,62004","-43,22666"
070.4 – Ida,236,"R. Major Lage, 52","-19,61842","-43,22657"
070.4 – Ida,179,"R. Dona Zezeca, S/N","-19,61716","-43,22718"
070.4 – Ida,9,"Av. Carlos Drumond De Andrade, S/N","-19,61794","-43,22584"
070.4 – Ida,5,"Av. Carlos Drumond De Andrade, 350","-19,61986","-43,22456"
070.4 – Ida,4,Av. Carlos Drumond De Andrade - Terminal,"-19,62074","-43,22401"
070.4 – Ida,76,"Av. João Pinheiro, 707","-19,62456","-43,22491"
070.4 – Ida,74,"Av. João Pinheiro, 454","-19,62584","-43,2274"
070.4 – Ida,71,"Av. João Pinheiro, 105","-19,62705","-43,22976"
070.4 – Ida,142,"R. Cesário Alvim Sobrinho, 220","-19,62816","-43,2327"
070.4 – Ida,329,"R. Tenente Antônio Camilo, 33","-19,62849","-43,23335"
070.4 – Ida,255,"R. Netuno, 38","-19,62888","-43,23466"
070.4 – Ida,253,"R. Netuno, 102","-19,62945","-43,23618"
070.4 – Ida,254,"R. Netuno, 272","-19,62922","-43,23709"
070.4 – Ida,123,Estr. Cento E Cinco,"-19,6305","-43,23717"
070.4 – Ida,125,Estr. Cento E Cinco - Saída Areão,"-19,63467","-43,23886"
070.4 – Ida,107,Av. Rio Doce - Praça do Areão,"-19,63595","-43,23669"
070.4 – Ida,109,"Av. Rio Doce, 120","-19,63929","-43,23649"
070.4 – Ida,581,"Av. Brasil, 418","-19,64071","-43,2339"
070.4 – Ida,579,"Av. Brasil, 580","-19,64164","-43,23274"
070.4 – Ida,577,"Av. Brasil, 766","-19,64252","-43,23159"
070.4 – Ida,574,"Av. Brasil, 876","-19,64311","-43,23058"
070.4 – Ida,569,"R. Jason Bragança, 80","-19,64408","-43,23099"
070.4 – Ida,568,"Av. Fábio Pires, 124","-19,64537","-43,2312"
070.4 – Ida,566,"Av. Fábio Pires, 234","-19,64662","-43,23086"
070.4 – Ida,565,"R. José De Alencar, 308","-19,64771","-43,22981"
070.4 – Ida,563,"R. José De Alencar, 410","-19,64846","-43,22941"
070.4 – Ida,560,"R. Coelho Neto, 30","-19,64877","-43,22943"
070.4 – Ida,559,"R. Coelho Neto, 58","-19,64858","-43,22971"
070.4 – Ida,555,"R. Casemiro De Abreu, 53","-19,65092","-43,22951"
070.4 – Ida,553,"R. Castro Alves, 226","-19,64983","-43,23049"
070.4 – Ida,551,"R. Olávo Bilac, 231","-19,65018","-43,23093"
070.4 – Ida,549,"R. Afonso Pena, 494","-19,6503","-43,23169"
070.4 – Ida,582,R. Manoel Bandeira,"-19,65147","-43,23237"
070.4 – Ida,136,"R. Afonso Arinos, 600","-19,65268","-43,23228"
070.4 – Ida,203,"R. H, 110","-19,65413","-43,23248"
070.4 – Ida,212,"R. Humberto Campos, 712","-19,6553","-43,23136"
070.4 – Ida,299,"R. Quinze, 190","-19,65623","-43,23168"
070.4 – Ida,174,"R. Dez, 32","-19,65744","-43,23209"
070.4 – Ida,170,"R. Dez, 186","-19,65848","-43,23162"
070.4 – Ida,172,"R. Dez, 286","-19,6595","-43,23122"
070.4 – Ida,256,"R. Oito, 100","-19,66045","-43,23053"
070.4 – Ida,117,"Av. Vinte, 456","-19,66127","-43,23128"
070.4 – Ida,120,"Av. Vinte, 648","-19,66316","-43,23045"
070.4 – Ida,112,"Av. Vinte, 160","-19,66417","-43,22991"
070.4 – Ida,114,"Av. Vinte, 422","-19,66602","-43,22832"
070.4 – Ida,111,"Av. Vinte, 720","-19,66727","-43,22671"
070.4 – Ida,225,"R. José João Bernadino, S/N.","-19,66852","-43,22509"
070.4 – Ida,223,R. José João Bernadino,"-19,66782","-43,22304"
070.4 – Ida,209,R. Humberto Campos 5,"-19,67236","-43,22161"
070.4 – Ida,207,R. Humberto Campos 3,"-19,67566","-43,22201"
070.4 – Ida,208,R. Humberto Campos 4,"-19,67978","-43,2235"
070.4 – Ida,58,"Av. Hematita, 252","-19,68209","-43,223231"
070.4 – Ida,60,"Av. Hematita, 342","-19,68331","-43,22291"
070.4 – Ida,63,"Av. Hematita, 730","-19,68342","-43,21895"
070.4 – Ida,61,"Av. Hematita, 520","-19,68252","-43,21746"
070.4 – Ida,55,"Av. Hematita, 1270","-19,68114","-43,21313"
070.4 – Ida,150,"R. Columbita, 155","-19,6822","-43,2128"
070.4 – Ida,145,R. Columbita 1,"-19,68557","-43,21463"
070.4 – Ida,146,R. Columbita 2,"-19,6883","-43,21574"
070.4 – Ida,1037,Baixada Grande. 1,"-19,6871675","-43,2178813"
070.4 – Ida,1040,Baixada Grande. 4,"-19,6872281","-43,2193136"
070.4 – Ida,1041,Baixada Grande. 5,"-19,6861573","-43,2202524"
070.4 – Ida,1044,R. Quatro. 2,"-19,6857734","-43,2225537"
070.4 – Ida,1046,R. Quatro. 4,"-19,6853491","-43,2237071"
070.4 – Ida,1048,Ponto 1002,"-19,6850562","-43,2240987"
070.4 – Ida,1049,"R. Seis, 186","-19,6849855","-43,2248712"
070.4 – Ida,217,"R. Joaquim Costa, 1","-19,68592","-43,22583"
070.4 – Ida,219,"R. Joaquim Costa, 185","-19,68732","-43,22658"
070.4 – Ida,216,R. Joaquim Costa,"-19,68856","-43,22625"
070.5 – Ida,4,Av. Carlos Drumond De Andrade - Terminal,"-19,62074","-43,22401"
070.5 – Ida,76,"Av. João Pinheiro, 707","-19,62456","-43,22491"
070.5 – Ida,74,"Av. João Pinheiro, 454","-19,62584","-43,2274"
070.5 – Ida,71,"Av. João Pinheiro, 105","-19,62705","-43,22976"
070.5 – Ida,142,"R. Cesário Alvim Sobrinho, 220","-19,62816","-43,2327"
070.5 – Ida,329,"R. Tenente Antônio Camilo, 33","-19,62849","-43,23335"
070.5 – Ida,107,Av. Rio Doce - Praça do Areão,"-19,63595","-43,23669"
070.5 – Ida,109,"Av. Rio Doce, 120","-19,63929","-43,23649"
070.5 – Ida,581,"Av. Brasil, 418","-19,64071","-43,2339"
070.5 – Ida,579,"Av. Brasil, 580","-19,64164","-43,23274"
070.5 – Ida,577,"Av. Brasil, 766","-19,64252","-43,23159"
070.5 – Ida,574,"Av. Brasil, 876","-19,64311","-43,23058"
070.5 – Ida,569,"R. Jason Bragança, 80","-19,64408","-43,23099"
070.5 – Ida,568,"Av. Fábio Pires, 124","-19,64537","-43,2312"
070.5 – Ida,566,"Av. Fábio Pires, 234","-19,64662","-43,23086"
070.5 – Ida,565,"R. José De Alencar, 308","-19,64771","-43,22981"
070.5 – Ida,563,"R. José De Alencar, 410","-19,64846","-43,22941"
070.5 – Ida,560,"R. Coelho Neto, 30","-19,64877","-43,22943"
070.5 – Ida,559,"R. Coelho Neto, 58","-19,64858","-43,22971"
070.5 – Ida,555,"R. Casemiro De Abreu, 53","-19,65092","-43,22951"
070.5 – Ida,553,"R. Castro Alves, 226","-19,64983","-43,23049"
070.5 – Ida,551,"R. Olávo Bilac, 231","-19,65018","-43,23093"
070.5 – Ida,549,"R. Afonso Pena, 494","-19,6503","-43,23169"
070.5 – Ida,582,R. Manoel Bandeira,"-19,65147","-43,23237"
070.5 – Ida,136,"R. Afonso Arinos, 600","-19,65268","-43,23228"
070.5 – Ida,203,"R. H, 110","-19,65413","-43,23248"
070.5 – Ida,212,"R. Humberto Campos, 712","-19,6553","-43,23136"
070.5 – Ida,299,"R. Quinze, 190","-19,65623","-43,23168"
070.5 – Ida,174,"R. Dez, 32","-19,65744","-43,23209"
070.5 – Ida,170,"R. Dez, 186","-19,65848","-43,23162"
070.5 – Ida,172,"R. Dez, 286","-19,6595","-43,23122"
070.5 – Ida,256,"R. Oito, 100","-19,66045","-43,23053"
070.5 – Ida,117,"Av. Vinte, 456","-19,66127","-43,23128"
070.5 – Ida,120,"Av. Vinte, 648","-19,66316","-43,23045"
070.5 – Ida,112,"Av. Vinte, 160","-19,66417","-43,22991"
070.5 – Ida,114,"Av. Vinte, 422","-19,66602","-43,22832"
070.5 – Ida,111,"Av. Vinte, 720","-19,66727","-43,22671"
070.5 – Ida,225,"R. José João Bernadino, S/N.","-19,66852","-43,22509"
070.5 – Ida,223,R. José João Bernadino,"-19,66782","-43,22304"
070.5 – Ida,209,R. Humberto Campos 5,"-19,67236","-43,22161"
070.5 – Ida,207,R. Humberto Campos 3,"-19,67566","-43,22201"
070.5 – Ida,208,R. Humberto Campos 4,"-19,67978","-43,2235"
070.5 – Ida,217,"R. Joaquim Costa, 1","-19,68592","-43,22583"
070.5 – Ida,219,"R. Joaquim Costa, 185","-19,68732","-43,22658"
070.5 – Ida,216,R. Joaquim Costa,"-19,68856","-43,22625"
070.5 – Ida,1085,"R. Joaquim Costa, 340","-19,688445","-43,226297"
070.5 – Ida,1086,"R. Joaquim Costa, 850","-19,691047","-43,230169"
070.7 – Ida,127,Praça Do Campestre,"-19,61416","-43,22082"
070.7 – Ida,12,"Av. Cauê, 378","-19,61362","-43,22029"
070.7 – Ida,16,"Av. Cauê, 598","-19,6121","-43,22194"
070.7 – Ida,80,"Av. João Soares Da Silva, 1322","-19,611837","-43,22309"
070.7 – Ida,79,"Av. João Soares Da Silva, 1034","-19,611944","-43,228151"
070.7 – Ida,82,"Av. João Soares Da Silva, 354","-19,61537","-43,22727"
070.7 – Ida,77,Av. João Soares Da Silva - HNSD,"-19,61641","-43,22831"
070.7 – Ida,179,"R. Dona Zezeca, S/N","-19,61716","-43,22718"
070.7 – Ida,9,"Av. Carlos Drumond De Andrade, S/N","-19,61794","-43,22584"
070.7 – Ida,5,"Av. Carlos Drumond De Andrade, 350","-19,61986","-43,22456"
070.7 – Ida,4,Av. Carlos Drumond De Andrade - Terminal,"-19,62074","-43,22401"
070.7 – Ida,76,"Av. João Pinheiro, 707","-19,62456","-43,22491"
070.7 – Ida,74,"Av. João Pinheiro, 454","-19,62584","-43,2274"
070.7 – Ida,71,"Av. João Pinheiro, 105","-19,62705","-43,22976"
070.7 – Ida,142,"R. Cesário Alvim Sobrinho, 220","-19,62816","-43,2327"
070.7 – Ida,329,"R. Tenente Antônio Camilo, 33","-19,62849","-43,23335"
070.7 – Ida,255,"R. Netuno, 38","-19,62888","-43,23466"
070.7 – Ida,253,"R. Netuno, 102","-19,62945","-43,23618"
070.7 – Ida,254,"R. Netuno, 272","-19,62922","-43,23709"
070.7 – Ida,123,Estr. Cento E Cinco,"-19,6305","-43,23717"
070.7 – Ida,125,Estr. Cento E Cinco - Saída Areão,"-19,63467","-43,23886"
070.7 – Ida,107,Av. Rio Doce - Praça do Areão,"-19,63595","-43,23669"
070.7 – Ida,109,"Av. Rio Doce, 120","-19,63929","-43,23649"
070.7 – Ida,581,"Av. Brasil, 418","-19,64071","-43,2339"
070.7 – Ida,579,"Av. Brasil, 580","-19,64164","-43,23274"
070.7 – Ida,577,"Av. Brasil, 766","-19,64252","-43,23159"
070.7 – Ida,574,"Av. Brasil, 876","-19,64311","-43,23058"
070.7 – Ida,569,"R. Jason Bragança, 80","-19,64408","-43,23099"
070.7 – Ida,568,"Av. Fábio Pires, 124","-19,64537","-43,2312"
070.7 – Ida,566,"Av. Fábio Pires, 234","-19,64662","-43,23086"
070.7 – Ida,565,"R. José De Alencar, 308","-19,64771","-43,22981"
070.7 – Ida,563,"R. José De Alencar, 410","-19,64846","-43,22941"
070.7 – Ida,560,"R. Coelho Neto, 30","-19,64877","-43,22943"
070.7 – Ida,559,"R. Coelho Neto, 58","-19,64858","-43,22971"
070.7 – Ida,555,"R. Casemiro De Abreu, 53","-19,65092","-43,22951"
070.7 – Ida,553,"R. Castro Alves, 226","-19,64983","-43,23049"
070.7 – Ida,551,"R. Olávo Bilac, 231","-19,65018","-43,23093"
070.7 – Ida,549,"R. Afonso Pena, 494","-19,6503","-43,23169"
070.7 – Ida,582,R. Manoel Bandeira,"-19,65147","-43,23237"
070.7 – Ida,136,"R. Afonso Arinos, 600","-19,65268","-43,23228"
070.7 – Ida,203,"R. H, 110","-19,65413","-43,23248"
070.7 – Ida,212,"R. Humberto Campos, 712","-19,6553","-43,23136"
070.7 – Ida,299,"R. Quinze, 190","-19,65623","-43,23168"
070.7 – Ida,174,"R. Dez, 32","-19,65744","-43,23209"
070.7 – Ida,170,"R. Dez, 186","-19,65848","-43,23162"
070.7 – Ida,172,"R. Dez, 286","-19,6595","-43,23122"
070.7 – Ida,256,"R. Oito, 100","-19,66045","-43,23053"
070.7 – Ida,117,"Av. Vinte, 456","-19,66127","-43,23128"
070.7 – Ida,120,"Av. Vinte, 648","-19,66316","-43,23045"
070.7 – Ida,112,"Av. Vinte, 160","-19,66417","-43,22991"
070.7 – Ida,114,"Av. Vinte, 422","-19,66602","-43,22832"
070.7 – Ida,111,"Av. Vinte, 720","-19,66727","-43,22671"
070.7 – Ida,225,"R. José João Bernadino, S/N.","-19,66852","-43,22509"
070.7 – Ida,223,R. José João Bernadino,"-19,66782","-43,22304"
070.7 – Ida,209,R. Humberto Campos 5,"-19,67236","-43,22161"
070.7 – Ida,207,R. Humberto Campos 3,"-19,67566","-43,22201"
070.7 – Ida,297,R. Quatro,"-19,67187","-43,21714"
070.7 – Ida,122,Campus UNIFEI,"-19,67386","-43,21307"
070.7 – Ida,208,R. Humberto Campos 4,"-19,67978","-43,2235"
070.7 – Ida,58,"Av. Hematita, 252","-19,68209","-43,223231"
070.7 – Ida,60,"Av. Hematita, 342","-19,68331","-43,22291"
070.7 – Ida,63,"Av. Hematita, 730","-19,68342","-43,21895"
070.7 – Ida,61,"Av. Hematita, 520","-19,68252","-43,21746"
070.7 – Ida,55,"Av. Hematita, 1270","-19,68114","-43,21313"
070.7 – Ida,150,"R. Columbita, 155","-19,6822","-43,2128"
070.7 – Ida,145,R. Columbita 1,"-19,68557","-43,21463"
070.7 – Ida,146,R. Columbita 2,"-19,6883","-43,21574"
070.7 – Ida,1037,Baixada Grande. 1,"-19,6871675","-43,2178813"
070.7 – Ida,1040,Baixada Grande. 4,"-19,6872281","-43,2193136"
070.7 – Ida,1041,Baixada Grande. 5,"-19,6861573","-43,2202524"
070.7 – Ida,1044,R. Quatro. 2,"-19,6857734","-43,2225537"
070.7 – Ida,1046,R. Quatro. 4,"-19,6853491","-43,2237071"
070.7 – Ida,1048,Ponto 1002,"-19,6850562","-43,2240987"
070.7 – Ida,1049,"R. Seis, 186","-19,6849855","-43,2248712"
070.7 – Ida,217,"R. Joaquim Costa, 1","-19,68592","-43,22583"
070.7 – Ida,219,"R. Joaquim Costa, 185","-19,68732","-43,22658"
070.7 – Ida,216,R. Joaquim Costa,"-19,68856","-43,22625"
070 – Volta,216,R. Joaquim Costa,"-19,68856","-43,22625"
070 – Volta,218,"R. Joaquim Costa, 180","-19,68732","-43,22651"
070 – Volta,220,"R. Joaquim Costa, 4","-19,686","-43,22575"
070 – Volta,309,R. Seis,"-19,68513","-43,22476"
070 – Volta,1047,"R. Três, 80","-19,6851572","-43,2242864"
070 – Volta,1045,R. Quatro. 3,"-19,6855209","-43,2237768"
070 – Volta,1043,R. Quatro. 1,"-19,685935","-43,222661"
070 – Volta,1042,Baixada Grande. 6,"-19,686324","-43,2202202"
070 – Volta,1039,Baixada Grande. 3,"-19,6872735","-43,2195282"
070 – Volta,1038,Baixada Grande. 2 ,"-19,6873089","-43,2177472"
070 – Volta,144,R. Columbita,"-19,68831","-43,21565"
070 – Volta,147,R. Columbita 3,"-19,6856","-43,21453"
070 – Volta,149,"R. Columbita, 481","-19,68212","-43,21262"
070 – Volta,56,"Av. Hematita, 1275","-19,68104","-43,21314"
070 – Volta,62,"Av. Hematita, 525","-19,68244","-43,21752"
070 – Volta,64,"Av. Hematita, 731","-19,68333","-43,21899"
070 – Volta,59,"Av. Hematita, 335","-19,68327","-43,22278"
070 – Volta,57,"Av. Hematita, 129","-19,68208","-43,22311"
070 – Volta,204,R. Humberto Campos,"-19,67984","-43,22334"
070 – Volta,205,R. Humberto Campos 1,"-19,67568","-43,22186"
070 – Volta,206,R. Humberto Campos 2,"-19,67233","-43,22143"
070 – Volta,226,"R. José João Bernadino, S/N 1","-19,6677","-43,22306"
070 – Volta,224,R. José João Bernadino 1,"-19,6684","-43,22516"
070 – Volta,121,"Av. Vinte, 699","-19,66694","-43,22659"
070 – Volta,115,"Av. Vinte, 425","-19,66586","-43,22825"
070 – Volta,113,"Av. Vinte, 145","-19,66413","-43,22978"
070 – Volta,119,"Av. Vinte, 637","-19,66312","-43,23025"
070 – Volta,118,"Av. Vinte, 445","-19,66113","-43,23118"
070 – Volta,257,"R. Oito, 145","-19,66041","-43,23025"
070 – Volta,171,"R. Dez, 285","-19,65937","-43,23114"
070 – Volta,169,"R. Dez, 165","-19,65842","-43,23151"
070 – Volta,173,"R. Dez, 31","-19,65742","-43,23196"
070 – Volta,298,"R. Quinze, 141","-19,65638","-43,23164"
070 – Volta,211,"R. Humberto Campos, 27","-19,65512","-43,23142"
070 – Volta,202,"R. H, 105","-19,65393","-43,23218"
070 – Volta,135,"R. Afonso Arinos, 523","-19,65252","-43,23221"
070 – Volta,547,"R. São Mateus, 103","-19,65159","-43,23306"
070 – Volta,548,R. São Mateus,"-19,65083","-43,2328"
070 – Volta,550,"R. Afonso Pena, 435","-19,65048","-43,23167"
070 – Volta,552,"R. Olávo Bilac, 234","-19,65021","-43,23083"
070 – Volta,554,"R. Castro Alves, 694","-19,65121","-43,22985"
070 – Volta,556,"R. Casemiro De Abreu, 54","-19,6509","-43,2294"
070 – Volta,557,"R. Casemiro De Abreu, 196","-19,6498","-43,22993"
070 – Volta,561,"R. Coelho Neto, 31","-19,64879","-43,2295"
070 – Volta,562,"R. José De Alencar, 409","-19,64844","-43,22933"
070 – Volta,564,"R. José De Alencar, 307","-19,64769","-43,22974"
070 – Volta,567,"Av. Fábio Pires, 121","-19,64537","-43,2311"
070 – Volta,570,"R. Madre Maria De Jesus, 282","-19,64427","-43,23049"
070 – Volta,571,"R. Madre Maria De Jesus, 2","-19,64339","-43,2288"
070 – Volta,575,"Av. Brasil, 586","-19,64299","-43,23059"
070 – Volta,576,"Av. Brasil, 440","-19,64243","-43,23145"
070 – Volta,578,"Av. Brasil, 593","-19,64153","-43,23264"
070 – Volta,580,Av. Brasil - Praça Rotary,"-19,64061","-43,23384"
070 – Volta,108,"Av. Rio Doce, 119","-19,63916","-43,2364"
070 – Volta,110,"Av. Rio Doce, 271","-19,63655","-43,23673"
070 – Volta,330,"R. Topázio, 100","-19,6345","-43,2365"
070 – Volta,235,R. Júpiter,"-19,63019","-43,23655"
070 – Volta,246,"R. Minerva, 93","-19,63","-43,23528"
070 – Volta,328,"R. Tenente Antônio Camilo, 30","-19,62855","-43,23337"
070 – Volta,327,"R. Tenente Antônio Camilo, 180","-19,62935","-43,23216"
070 – Volta,37,"Av. Duque De Caxias, 24","-19,63002","-43,23038"
070 – Volta,73,"Av. João Pinheiro, 38","-19,62736","-43,23036"
070 – Volta,72,"Av. João Pinheiro, 348","-19,62603","-43,2274"
070 – Volta,75,"Av. João Pinheiro, 658","-19,62463","-43,22461"
070 – Volta,7,"Av. Carlos Drumond De Andrade, 549","-19,621599","-43,223589"
070 – Volta,6,"Av. Carlos Drumond De Andrade, 391","-19,61941","-43,22455"
070 – Volta,8,"Av. Carlos Drumond De Andrade, 819","-19,61737","-43,226019"
070 – Volta,81,"Av. João Soares Da Silva, 353","-19,61563","-43,22726"
070 – Volta,83,"Av. João Soares Da Silva, 789","-19,61229","-43,22768"
070 – Volta,78,Av. João Soares Da Silva - SENAI,"-19,61209","-43,22307"
070 – Volta,15,"Av. Cauê, 597","-19,61226","-43,22201"
070 – Volta,168,"R. Desembargador Drumond, 5","-19,61377","-43,22098"
070 – Volta,127,Praça Do Campestre,"-19,61416","-43,22082"
070.2 – Volta,216,R. Joaquim Costa,"-19,68856","-43,22625"
070.2 – Volta,218,"R. Joaquim Costa, 180","-19,68732","-43,22651"
070.2 – Volta,220,"R. Joaquim Costa, 4","-19,686","-43,22575"
070.2 – Volta,309,R. Seis,"-19,68513","-43,22476"
070.2 – Volta,1047,"R. Três, 80","-19,6851572","-43,2242864"
070.2 – Volta,1045,R. Quatro. 3,"-19,6855209","-43,2237768"
070.2 – Volta,1043,R. Quatro. 1,"-19,685935","-43,222661"
070.2 – Volta,1042,Baixada Grande. 6,"-19,686324","-43,2202202"
070.2 – Volta,1039,Baixada Grande. 3,"-19,6872735","-43,2195282"
070.2 – Volta,1038,Baixada Grande. 2 ,"-19,6873089","-43,2177472"
070.2 – Volta,144,R. Columbita,"-19,68831","-43,21565"
070.2 – Volta,147,R. Columbita 3,"-19,6856","-43,21453"
070.2 – Volta,149,"R. Columbita, 481","-19,68212","-43,21262"
070.2 – Volta,56,"Av. Hematita, 1275","-19,68104","-43,21314"
070.2 – Volta,62,"Av. Hematita, 525","-19,68244","-43,21752"
070.2 – Volta,64,"Av. Hematita, 731","-19,68333","-43,21899"
070.2 – Volta,59,"Av. Hematita, 335","-19,68327","-43,22278"
070.2 – Volta,57,"Av. Hematita, 129","-19,68208","-43,22311"
070.2 – Volta,204,R. Humberto Campos,"-19,67984","-43,22334"
070.2 – Volta,297,R. Quatro,"-19,67187","-43,21714"
070.2 – Volta,122,Campus UNIFEI,"-19,67386","-43,21307"
070.2 – Volta,205,R. Humberto Campos 1,"-19,67568","-43,22186"
070.2 – Volta,206,R. Humberto Campos 2,"-19,67233","-43,22143"
070.2 – Volta,226,"R. José João Bernadino, S/N 1","-19,6677","-43,22306"
070.2 – Volta,224,R. José João Bernadino 1,"-19,6684","-43,22516"
070.2 – Volta,121,"Av. Vinte, 699","-19,66694","-43,22659"
070.2 – Volta,115,"Av. Vinte, 425","-19,66586","-43,22825"
070.2 – Volta,113,"Av. Vinte, 145","-19,66413","-43,22978"
070.2 – Volta,119,"Av. Vinte, 637","-19,66312","-43,23025"
070.2 – Volta,118,"Av. Vinte, 445","-19,66113","-43,23118"
070.2 – Volta,257,"R. Oito, 145","-19,66041","-43,23025"
070.2 – Volta,171,"R. Dez, 285","-19,65937","-43,23114"
070.2 – Volta,169,"R. Dez, 165","-19,65842","-43,23151"
070.2 – Volta,173,"R. Dez, 31","-19,65742","-43,23196"
070.2 – Volta,298,"R. Quinze, 141","-19,65638","-43,23164"
070.2 – Volta,211,"R. Humberto Campos, 27","-19,65512","-43,23142"
070.2 – Volta,202,"R. H, 105","-19,65393","-43,23218"
070.2 – Volta,135,"R. Afonso Arinos, 523","-19,65252","-43,23221"
070.2 – Volta,547,"R. São Mateus, 103","-19,65159","-43,23306"
070.2 – Volta,548,R. São Mateus,"-19,65083","-43,2328"
070.2 – Volta,550,"R. Afonso Pena, 435","-19,65048","-43,23167"
070.2 – Volta,552,"R. Olávo Bilac, 234","-19,65021","-43,23083"
070.2 – Volta,554,"R. Castro Alves, 694","-19,65121","-43,22985"
070.2 – Volta,556,"R. Casemiro De Abreu, 54","-19,6509","-43,2294"
070.2 – Volta,557,"R. Casemiro De Abreu, 196","-19,6498","-43,22993"
070.2 – Volta,561,"R. Coelho Neto, 31","-19,64879","-43,2295"
070.2 – Volta,562,"R. José De Alencar, 409","-19,64844","-43,22933"
070.2 – Volta,564,"R. José De Alencar, 307","-19,64769","-43,22974"
070.2 – Volta,567,"Av. Fábio Pires, 121","-19,64537","-43,2311"
070.2 – Volta,570,"R. Madre Maria De Jesus, 282","-19,64427","-43,23049"
070.2 – Volta,571,"R. Madre Maria De Jesus, 2","-19,64339","-43,2288"
070.2 – Volta,575,"Av. Brasil, 586","-19,64299","-43,23059"
070.2 – Volta,576,"Av. Brasil, 440","-19,64243","-43,23145"
070.2 – Volta,578,"Av. Brasil, 593","-19,64153","-43,23264"
070.2 – Volta,580,Av. Brasil - Praça Rotary,"-19,64061","-43,23384"
070.2 – Volta,108,"Av. Rio Doce, 119","-19,63916","-43,2364"
070.2 – Volta,110,"Av. Rio Doce, 271","-19,63655","-43,23673"
070.2 – Volta,330,"R. Topázio, 100","-19,6345","-43,2365"
070.2 – Volta,235,R. Júpiter,"-19,63019","-43,23655"
070.2 – Volta,246,"R. Minerva, 93","-19,63","-43,23528"
070.2 – Volta,328,"R. Tenente Antônio Camilo, 30","-19,62855","-43,23337"
070.2 – Volta,327,"R. Tenente Antônio Camilo, 180","-19,62935","-43,23216"
070.2 – Volta,37,"Av. Duque De Caxias, 24","-19,63002","-43,23038"
070.2 – Volta,73,"Av. João Pinheiro, 38","-19,62736","-43,23036"
070.2 – Volta,72,"Av. João Pinheiro, 348","-19,62603","-43,2274"
070.2 – Volta,75,"Av. João Pinheiro, 658","-19,62463","-43,22461"
070.2 – Volta,7,"Av. Carlos Drumond De Andrade, 549","-19,621599","-43,223589"
070.2 – Volta,6,"Av. Carlos Drumond De Andrade, 391","-19,61941","-43,22455"
070.2 – Volta,8,"Av. Carlos Drumond De Andrade, 819","-19,61737","-43,226019"
070.2 – Volta,81,"Av. João Soares Da Silva, 353","-19,61563","-43,22726"
070.2 – Volta,83,"Av. João Soares Da Silva, 789","-19,61229","-43,22768"
070.2 – Volta,78,Av. João Soares Da Silva - SENAI,"-19,61209","-43,22307"
070.2 – Volta,15,"Av. Cauê, 597","-19,61226","-43,22201"
070.2 – Volta,168,"R. Desembargador Drumond, 5","-19,61377","-43,22098"
070.2 – Volta,127,Praça Do Campestre,"-19,61416","-43,22082"
070.3 – Volta,216,R. Joaquim Costa,"-19,68856","-43,22625"
070.3 – Volta,218,"R. Joaquim Costa, 180","-19,68732","-43,22651"
070.3 – Volta,220,"R. Joaquim Costa, 4","-19,686","-43,22575"
070.3 – Volta,309,R. Seis,"-19,68513","-43,22476"
070.3 – Volta,1047,"R. Três, 80","-19,6851572","-43,2242864"
070.3 – Volta,1045,R. Quatro. 3,"-19,6855209","-43,2237768"
070.3 – Volta,1043,R. Quatro. 1,"-19,685935","-43,222661"
070.3 – Volta,1042,Baixada Grande. 6,"-19,686324","-43,2202202"
070.3 – Volta,1039,Baixada Grande. 3,"-19,6872735","-43,2195282"
070.3 – Volta,1038,Baixada Grande. 2 ,"-19,6873089","-43,2177472"
070.3 – Volta,144,R. Columbita,"-19,68831","-43,21565"
070.3 – Volta,147,R. Columbita 3,"-19,6856","-43,21453"
070.3 – Volta,149,"R. Columbita, 481","-19,68212","-43,21262"
070.3 – Volta,56,"Av. Hematita, 1275","-19,68104","-43,21314"
070.3 – Volta,62,"Av. Hematita, 525","-19,68244","-43,21752"
070.3 – Volta,64,"Av. Hematita, 731","-19,68333","-43,21899"
070.3 – Volta,59,"Av. Hematita, 335","-19,68327","-43,22278"
070.3 – Volta,57,"Av. Hematita, 129","-19,68208","-43,22311"
070.3 – Volta,204,R. Humberto Campos,"-19,67984","-43,22334"
070.3 – Volta,205,R. Humberto Campos 1,"-19,67568","-43,22186"
070.3 – Volta,206,R. Humberto Campos 2,"-19,67233","-43,22143"
070.3 – Volta,226,"R. José João Bernadino, S/N 1","-19,6677","-43,22306"
070.3 – Volta,224,R. José João Bernadino 1,"-19,6684","-43,22516"
070.3 – Volta,121,"Av. Vinte, 699","-19,66694","-43,22659"
070.3 – Volta,115,"Av. Vinte, 425","-19,66586","-43,22825"
070.3 – Volta,113,"Av. Vinte, 145","-19,66413","-43,22978"
070.3 – Volta,119,"Av. Vinte, 637","-19,66312","-43,23025"
070.3 – Volta,118,"Av. Vinte, 445","-19,66113","-43,23118"
070.3 – Volta,257,"R. Oito, 145","-19,66041","-43,23025"
070.3 – Volta,171,"R. Dez, 285","-19,65937","-43,23114"
070.3 – Volta,169,"R. Dez, 165","-19,65842","-43,23151"
070.3 – Volta,173,"R. Dez, 31","-19,65742","-43,23196"
070.3 – Volta,298,"R. Quinze, 141","-19,65638","-43,23164"
070.3 – Volta,211,"R. Humberto Campos, 27","-19,65512","-43,23142"
070.3 – Volta,202,"R. H, 105","-19,65393","-43,23218"
070.3 – Volta,135,"R. Afonso Arinos, 523","-19,65252","-43,23221"
070.3 – Volta,547,"R. São Mateus, 103","-19,65159","-43,23306"
070.3 – Volta,548,R. São Mateus,"-19,65083","-43,2328"
070.3 – Volta,550,"R. Afonso Pena, 435","-19,65048","-43,23167"
070.3 – Volta,552,"R. Olávo Bilac, 234","-19,65021","-43,23083"
070.3 – Volta,554,"R. Castro Alves, 694","-19,65121","-43,22985"
070.3 – Volta,556,"R. Casemiro De Abreu, 54","-19,6509","-43,2294"
070.3 – Volta,557,"R. Casemiro De Abreu, 196","-19,6498","-43,22993"
070.3 – Volta,561,"R. Coelho Neto, 31","-19,64879","-43,2295"
070.3 – Volta,562,"R. José De Alencar, 409","-19,64844","-43,22933"
070.3 – Volta,564,"R. José De Alencar, 307","-19,64769","-43,22974"
070.3 – Volta,567,"Av. Fábio Pires, 121","-19,64537","-43,2311"
070.3 – Volta,570,"R. Madre Maria De Jesus, 282","-19,64427","-43,23049"
070.3 – Volta,571,"R. Madre Maria De Jesus, 2","-19,64339","-43,2288"
070.3 – Volta,575,"Av. Brasil, 586","-19,64299","-43,23059"
070.3 – Volta,576,"Av. Brasil, 440","-19,64243","-43,23145"
070.3 – Volta,578,"Av. Brasil, 593","-19,64153","-43,23264"
070.3 – Volta,580,Av. Brasil - Praça Rotary,"-19,64061","-43,23384"
070.3 – Volta,108,"Av. Rio Doce, 119","-19,63916","-43,2364"
070.3 – Volta,110,"Av. Rio Doce, 271","-19,63655","-43,23673"
070.3 – Volta,330,"R. Topázio, 100","-19,6345","-43,2365"
070.3 – Volta,235,R. Júpiter,"-19,63019","-43,23655"
070.3 – Volta,246,"R. Minerva, 93","-19,63","-43,23528"
070.3 – Volta,328,"R. Tenente Antônio Camilo, 30","-19,62855","-43,23337"
070.3 – Volta,327,"R. Tenente Antônio Camilo, 180","-19,62935","-43,23216"
070.3 – Volta,37,"Av. Duque De Caxias, 24","-19,63002","-43,23038"
070.3 – Volta,73,"Av. João Pinheiro, 38","-19,62736","-43,23036"
070.3 – Volta,72,"Av. João Pinheiro, 348","-19,62603","-43,2274"
070.3 – Volta,75,"Av. João Pinheiro, 658","-19,62463","-43,22461"
070.3 – Volta,7,"Av. Carlos Drumond De Andrade, 549","-19,621599","-43,223589"
070.3 – Volta,6,"Av. Carlos Drumond De Andrade, 391","-19,61941","-43,22455"
070.5 - Volta,216,R. Joaquim Costa,"-19,68856","-43,22625"
070.5 - Volta,218,"R. Joaquim Costa, 180","-19,68732","-43,22651"
070.5 - Volta,220,"R. Joaquim Costa, 4","-19,686","-43,22575"
070.5 - Volta,309,R. Seis,"-19,68513","-43,22476"
070.5 - Volta,1047,"R. Três, 80","-19,6851572","-43,2242864"
070.5 - Volta,1045,R. Quatro. 3,"-19,6855209","-43,2237768"
070.5 - Volta,1043,R. Quatro. 1,"-19,685935","-43,222661"
070.5 - Volta,1042,Baixada Grande. 6,"-19,686324","-43,2202202"
070.5 - Volta,1039,Baixada Grande. 3,"-19,6872735","-43,2195282"
070.5 - Volta,1038,Baixada Grande. 2 ,"-19,6873089","-43,2177472"
070.5 - Volta,144,R. Columbita,"-19,68831","-43,21565"
070.5 - Volta,147,R. Columbita 3,"-19,6856","-43,21453"
070.5 - Volta,149,"R. Columbita, 481","-19,68212","-43,21262"
070.5 - Volta,56,"Av. Hematita, 1275","-19,68104","-43,21314"
070.5 - Volta,62,"Av. Hematita, 525","-19,68244","-43,21752"
070.5 - Volta,64,"Av. Hematita, 731","-19,68333","-43,21899"
070.5 - Volta,59,"Av. Hematita, 335","-19,68327","-43,22278"
070.5 - Volta,57,"Av. Hematita, 129","-19,68208","-43,22311"
070.5 - Volta,204,R. Humberto Campos,"-19,67984","-43,22334"
070.5 - Volta,205,R. Humberto Campos 1,"-19,67568","-43,22186"
070.5 - Volta,206,R. Humberto Campos 2,"-19,67233","-43,22143"
070.5 - Volta,226,"R. José João Bernadino, S/N 1","-19,6677","-43,22306"
070.5 - Volta,224,R. José João Bernadino 1,"-19,6684","-43,22516"
070.5 - Volta,121,"Av. Vinte, 699","-19,66694","-43,22659"
070.5 - Volta,115,"Av. Vinte, 425","-19,66586","-43,22825"
070.5 - Volta,113,"Av. Vinte, 145","-19,66413","-43,22978"
070.5 - Volta,119,"Av. Vinte, 637","-19,66312","-43,23025"
070.5 - Volta,118,"Av. Vinte, 445","-19,66113","-43,23118"
070.5 - Volta,257,"R. Oito, 145","-19,66041","-43,23025"
070.5 - Volta,171,"R. Dez, 285","-19,65937","-43,23114"
070.5 - Volta,169,"R. Dez, 165","-19,65842","-43,23151"
070.5 - Volta,173,"R. Dez, 31","-19,65742","-43,23196"
070.5 - Volta,298,"R. Quinze, 141","-19,65638","-43,23164"
070.5 - Volta,211,"R. Humberto Campos, 27","-19,65512","-43,23142"
070.5 - Volta,202,"R. H, 105","-19,65393","-43,23218"
070.5 - Volta,135,"R. Afonso Arinos, 523","-19,65252","-43,23221"
070.5 - Volta,547,"R. São Mateus, 103","-19,65159","-43,23306"
070.5 - Volta,548,R. São Mateus,"-19,65083","-43,2328"
070.5 - Volta,550,"R. Afonso Pena, 435","-19,65048","-43,23167"
070.5 - Volta,552,"R. Olávo Bilac, 234","-19,65021","-43,23083"
070.5 - Volta,554,"R. Castro Alves, 694","-19,65121","-43,22985"
070.5 - Volta,556,"R. Casemiro De Abreu, 54","-19,6509","-43,2294"
070.5 - Volta,557,"R. Casemiro De Abreu, 196","-19,6498","-43,22993"
070.5 - Volta,561,"R. Coelho Neto, 31","-19,64879","-43,2295"
070.5 - Volta,562,"R. José De Alencar, 409","-19,64844","-43,22933"
070.5 - Volta,564,"R. José De Alencar, 307","-19,64769","-43,22974"
070.5 - Volta,567,"Av. Fábio Pires, 121","-19,64537","-43,2311"
070.5 - Volta,570,"R. Madre Maria De Jesus, 282","-19,64427","-43,23049"
070.5 - Volta,571,"R. Madre Maria De Jesus, 2","-19,64339","-43,2288"
070.5 - Volta,575,"Av. Brasil, 586","-19,64299","-43,23059"
070.5 - Volta,576,"Av. Brasil, 440","-19,64243","-43,23145"
070.5 - Volta,578,"Av. Brasil, 593","-19,64153","-43,23264"
070.5 - Volta,580,Av. Brasil - Praça Rotary,"-19,64061","-43,23384"
070.5 - Volta,108,"Av. Rio Doce, 119","-19,63916","-43,2364"
070.5 - Volta,110,"Av. Rio Doce, 271","-19,63655","-43,23673"
070.5 - Volta,330,"R. Topázio, 100","-19,6345","-43,2365"
070.5 - Volta,235,R. Júpiter,"-19,63019","-43,23655"
070.5 - Volta,246,"R. Minerva, 93","-19,63","-43,23528"
070.5 - Volta,328,"R. Tenente Antônio Camilo, 30","-19,62855","-43,23337"
070.5 - Volta,327,"R. Tenente Antônio Camilo, 180","-19,62935","-43,23216"
070.5 - Volta,37,"Av. Duque De Caxias, 24","-19,63002","-43,23038"
070.5 - Volta,73,"Av. João Pinheiro, 38","-19,62736","-43,23036"
070.5 - Volta,72,"Av. João Pinheiro, 348","-19,62603","-43,2274"
070.5 - Volta,75,"Av. João Pinheiro, 658","-19,62463","-43,22461"
070.5 - Volta,7,"Av. Carlos Drumond De Andrade, 549","-19,621599","-43,223589"
070.5 - Volta,6,"Av. Carlos Drumond De Andrade, 391","-19,61941","-43,22455"
070.7 – Volta ,216,R. Joaquim Costa,"-19,68856","-43,22625"
070.7 – Volta ,218,"R. Joaquim Costa, 180","-19,68732","-43,22651"
070.7 – Volta ,220,"R. Joaquim Costa, 4","-19,686","-43,22575"
070.7 – Volta ,309,R. Seis,"-19,68513","-43,22476"
070.7 – Volta ,1047,"R. Três, 80","-19,6851572","-43,2242864"
070.7 – Volta ,1045,R. Quatro. 3,"-19,6855209","-43,2237768"
070.7 – Volta ,1043,R. Quatro. 1,"-19,685935","-43,222661"
070.7 – Volta ,1042,Baixada Grande. 6,"-19,686324","-43,2202202"
070.7 – Volta ,1039,Baixada Grande. 3,"-19,6872735","-43,2195282"
070.7 – Volta ,1038,Baixada Grande. 2 ,"-19,6873089","-43,2177472"
070.7 – Volta ,144,R. Columbita,"-19,68831","-43,21565"
070.7 – Volta ,147,R. Columbita 3,"-19,6856","-43,21453"
070.7 – Volta ,149,"R. Columbita, 481","-19,68212","-43,21262"
070.7 – Volta ,56,"Av. Hematita, 1275","-19,68104","-43,21314"
070.7 – Volta ,62,"Av. Hematita, 525","-19,68244","-43,21752"
070.7 – Volta ,64,"Av. Hematita, 731","-19,68333","-43,21899"
070.7 – Volta ,59,"Av. Hematita, 335","-19,68327","-43,22278"
070.7 – Volta ,57,"Av. Hematita, 129","-19,68208","-43,22311"
070.7 – Volta ,204,R. Humberto Campos,"-19,67984","-43,22334"
070.7 – Volta ,297,R. Quatro,"-19,67187","-43,21714"
070.7 – Volta ,122,Campus UNIFEI,"-19,67386","-43,21307"
070.7 – Volta ,205,R. Humberto Campos 1,"-19,67568","-43,22186"
070.7 – Volta ,206,R. Humberto Campos 2,"-19,67233","-43,22143"
070.7 – Volta ,226,"R. José João Bernadino, S/N 1","-19,6677","-43,22306"
070.7 – Volta ,224,R. José João Bernadino 1,"-19,6684","-43,22516"
070.7 – Volta ,121,"Av. Vinte, 699","-19,66694","-43,22659"
070.7 – Volta ,115,"Av. Vinte, 425","-19,66586","-43,22825"
070.7 – Volta ,113,"Av. Vinte, 145","-19,66413","-43,22978"
070.7 – Volta ,119,"Av. Vinte, 637","-19,66312","-43,23025"
070.7 – Volta ,118,"Av. Vinte, 445","-19,66113","-43,23118"
070.7 – Volta ,257,"R. Oito, 145","-19,66041","-43,23025"
070.7 – Volta ,171,"R. Dez, 285","-19,65937","-43,23114"
070.7 – Volta ,169,"R. Dez, 165","-19,65842","-43,23151"
070.7 – Volta ,173,"R. Dez, 31","-19,65742","-43,23196"
070.7 – Volta ,298,"R. Quinze, 141","-19,65638","-43,23164"
070.7 – Volta ,211,"R. Humberto Campos, 27","-19,65512","-43,23142"
070.7 – Volta ,202,"R. H, 105","-19,65393","-43,23218"
070.7 – Volta ,135,"R. Afonso Arinos, 523","-19,65252","-43,23221"
070.7 – Volta ,547,"R. São Mateus, 103","-19,65159","-43,23306"
070.7 – Volta ,548,R. São Mateus,"-19,65083","-43,2328"
070.7 – Volta ,550,"R. Afonso Pena, 435","-19,65048","-43,23167"
070.7 – Volta ,552,"R. Olávo Bilac, 234","-19,65021","-43,23083"
070.7 – Volta ,554,"R. Castro Alves, 694","-19,65121","-43,22985"
070.7 – Volta ,556,"R. Casemiro De Abreu, 54","-19,6509","-43,2294"
070.7 – Volta ,557,"R. Casemiro De Abreu, 196","-19,6498","-43,22993"
070.7 – Volta ,561,"R. Coelho Neto, 31","-19,64879","-43,2295"
070.7 – Volta ,562,"R. José De Alencar, 409","-19,64844","-43,22933"
070.7 – Volta ,564,"R. José De Alencar, 307","-19,64769","-43,22974"
070.7 – Volta ,567,"Av. Fábio Pires, 121","-19,64537","-43,2311"
070.7 – Volta ,570,"R. Madre Maria De Jesus, 282","-19,64427","-43,23049"
070.7 – Volta ,571,"R. Madre Maria De Jesus, 2","-19,64339","-43,2288"
070.7 – Volta ,575,"Av. Brasil, 586","-19,64299","-43,23059"
070.7 – Volta ,576,"Av. Brasil, 440","-19,64243","-43,23145"
070.7 – Volta ,578,"Av. Brasil, 593","-19,64153","-43,23264"
070.7 – Volta ,580,Av. Brasil - Praça Rotary,"-19,64061","-43,23384"
070.7 – Volta ,108,"Av. Rio Doce, 119","-19,63916","-43,2364"
070.7 – Volta ,110,"Av. Rio Doce, 271","-19,63655","-43,23673"
070.7 – Volta ,330,"R. Topázio, 100","-19,6345","-43,2365"
070.7 – Volta ,235,R. Júpiter,"-19,63019","-43,23655"
070.7 – Volta ,246,"R. Minerva, 93","-19,63","-43,23528"
070.7 – Volta ,328,"R. Tenente Antônio Camilo, 30","-19,62855","-43,23337"
070.7 – Volta ,327,"R. Tenente Antônio Camilo, 180","-19,62935","-43,23216"
070.7 – Volta ,37,"Av. Duque De Caxias, 24","-19,63002","-43,23038"
070.7 – Volta ,73,"Av. João Pinheiro, 38","-19,62736","-43,23036"
070.7 – Volta ,72,"Av. João Pinheiro, 348","-19,62603","-43,2274"
070.7 – Volta ,75,"Av. João Pinheiro, 658","-19,62463","-43,22461"
070.7 – Volta ,7,"Av. Carlos Drumond De Andrade, 549","-19,621599","-43,223589"
070.7 – Volta ,6,"Av. Carlos Drumond De Andrade, 391","-19,61941","-43,22455"
070.7 – Volta ,8,"Av. Carlos Drumond De Andrade, 819","-19,61737","-43,226019"
070.7 – Volta ,81,"Av. João Soares Da Silva, 353","-19,61563","-43,22726"
070.7 – Volta ,83,"Av. João Soares Da Silva, 789","-19,61229","-43,22768"
070.7 – Volta ,78,Av. João Soares Da Silva - SENAI,"-19,61209","-43,22307"
070.7 – Volta ,15,"Av. Cauê, 597","-19,61226","-43,22201"
070.7 – Volta ,168,"R. Desembargador Drumond, 5","-19,61377","-43,22098"
070.7 – Volta ,127,Praça Do Campestre,"-19,61416","-43,22082"
